ndvi,lulc,temperature,population,carbon_factor,carbon
0.44228306,30,32.35270270270274,0.8119479044744037,15,11.856049362534394
0.35016719,40,32.74567567567567,0.7452592475518348,10,4.033043826813708
0.42158142,10,32.74567567567567,0.7729791773711442,120,116.03687119296495
0.42900762,10,31.775128205128226,0.7947894672337936,120,117.12115308801803
0.22677077,40,32.33722222222224,1.080285589057264,10,0.0
0.24743615,40,32.62891891891894,0.8848847069314517,10,0.3697420088865888
0.2943018,30,34.976315789473745,0.727714648000866,15,5.214165211915418
0.38484398,40,34.065135135135165,1.0311625652317495,10,2.3243711089931836
0.35110816,40,33.164210526315856,1.0704109890279552,10,2.0169790657579165
0.3883266,40,33.13210526315794,1.1537392082293767,10,2.7489965258015783
0.3114841,40,33.30837837837839,1.0388238881787812,10,0.8420247486905632
0.38567615,40,33.39842105263159,1.0678683197007812,10,2.8325217819874675
0.2562658,40,33.27000000000004,1.1443913825722956,10,0.0
0.31078956,40,33.70894736842109,0.9274747337004902,10,0.9773659312587499
0.26174283,40,33.31918918918922,1.0089750361081236,10,0.0
0.29040846,40,33.01540540540543,1.017277425137073,10,0.6104615486180309
0.33363593,40,32.73972972972979,1.2503722487518443,10,1.0174872585771526
0.4223943,40,32.26052631578949,1.4617211569108373,10,3.102697481153206
0.40178138,40,32.03105263157897,1.2910390220454433,10,3.5671935903185448
0.39686686,40,32.03105263157897,1.282462899285796,10,3.462638253917948
0.42713568,40,33.10621621621624,1.207635754768322,10,3.6696750606749875
0.38797563,10,32.90473684210531,1.39722561240225,120,111.7484040357456
0.41681865,10,32.75421052631583,1.1400096028897353,120,114.0503012295891
0.38829488,10,32.679729729729786,1.6233465885387135,120,110.85238392048004
0.3094758,40,33.07157894736844,1.7854154148648436,10,0.0
0.44549763,40,33.07157894736844,1.2799375941728894,10,3.893662452977617
0.32503024,30,31.90210526315792,0.5655291022334668,15,10.021156217334362
0.39935583,10,31.426410256410293,0.5106667290017729,120,118.00093091219698
0.31066665,30,32.18076923076927,0.3661933275702372,15,10.30826334818916
0.2907834,30,32.83307692307693,0.3367073748425411,15,9.206888541390079
0.3555254,40,32.27810810810814,0.9597782837968011,10,3.5887628382749357
0.4686971,40,32.42351351351351,0.8821861091648556,10,7.2264688629645315
0.36189982,30,32.722105263157914,0.766933806507318,15,9.300220804877489
0.36045888,40,32.722105263157914,0.8142468874396551,10,4.020426632928486
0.33963302,40,32.00777777777779,0.9957475211658992,10,3.202475092747859
0.33043984,40,32.31540540540544,1.1043967273649609,10,2.0758056578458364
0.38932294,10,32.724594594594635,0.8392725220507058,120,114.75873055568415
0.1898177,30,34.74000000000001,0.7563760904444308,15,2.1726506203743554
0.2058238,30,34.74000000000001,0.5288178858507139,15,3.790624252643148
0.1829359,30,35.32578947368421,0.6636708731083993,15,1.8439328700358706
0.40540537,40,33.800810810810844,0.9121778620856885,10,3.800461083068819
0.3549656,40,32.73157894736846,0.9561998342492058,10,3.1363896865738505
0.4458748,40,32.77052631578948,1.1387341174752523,10,4.91204762133929
0.23271197,30,33.43000000000001,1.3327929953640765,15,1.8873939660806531
0.43231112,40,33.43000000000001,1.244926176019055,10,3.3147024851876887
0.3304348,30,33.790540540540576,1.4828510396811079,15,3.708248119590129
0.24810235,30,33.057894736842115,1.2393044047525805,15,3.18865399544827
0.3451223,40,33.51555555555558,1.0903289925437973,10,1.3864691474785715
0.3171337,40,32.97810810810813,0.9890455980213296,10,1.5906749607548498
0.40314135,40,31.97157894736847,1.291378507493257,10,3.665769021285228
0.3696319,40,32.45102564102564,1.036138564504429,10,3.457238267777429
0.32856628,40,32.68894736842111,1.0721855905728963,10,1.807113036108647
0.3700831,40,32.56135135135139,1.5950336050909728,10,0.5659730566646806
0.3607073,40,32.56135135135139,1.6286130495932776,10,0.11680320002327349
0.27207944,40,32.93648648648656,1.1431794737232148,10,0.0
0.293379,40,32.93648648648656,1.1426362437221311,10,0.15170230865127543
0.3455995,40,33.456666666666706,0.9261080021445378,10,2.280778427481466
0.5776962,10,31.296153846153857,0.34248388950592906,120,124.32231252630532
0.51199996,10,31.110000000000014,0.3379017939113041,120,122.56049042247608
0.51921475,10,31.110000000000014,0.3322829786928059,120,122.80502837172314
0.40217748,30,32.563888888888926,0.9779956756225676,15,9.611457166117669
0.37898484,40,32.563888888888926,0.904343493041362,10,4.2839387805805265
0.37459072,30,32.722105263157914,0.8110861827855499,15,9.460185277329117
0.4275908,40,31.16621621621624,1.010286057824211,10,6.610077494404936
0.51907384,40,31.621111111111134,0.8627135923383151,10,9.637536113310077
0.45216024,10,32.31540540540544,0.826036238643054,120,117.119220471614
0.2992631,40,33.32052631578949,0.9044962624676234,10,1.1348851788315653
0.28005117,40,34.757894736842104,0.8376201270865308,10,0.0
0.4642098,40,33.800810810810844,0.8821315398479946,10,5.714824916841955
0.2757222,40,33.30297297297301,0.9718481980736501,10,0.10945259806188101
0.3775322,40,32.73157894736846,1.0965890099787556,10,3.1114424239911154
0.35671315,10,32.48684210526318,1.303105300700415,120,111.69902543804268
0.35983709,40,33.790540540540576,1.1395770189728078,10,1.3066871602666854
0.29950097,30,32.79769230769233,1.1076118674389792,15,5.649277132829964
0.43350062,40,33.057894736842115,1.1964548625173665,10,3.9648492719182915
0.321537,40,33.51555555555558,0.9260653162679611,10,1.5002278468255916
0.29747897,40,32.97810810810813,1.1357617762983585,10,0.2674526067727081
0.3327982,40,31.97157894736847,1.3133454033580672,10,1.4456403015226966
0.29682672,40,32.04945945945951,1.2785718798850991,10,0.46248306007987683
0.34845337,40,32.726216216216244,1.0470714767999632,10,2.4920277986597092
0.35478896,10,32.867368421052674,0.9029094790273012,120,113.26175251333402
0.3554817,40,33.04243243243246,1.142795327763402,10,1.9080421244276264
0.343666,40,33.04243243243246,1.0549802939156696,10,1.992645334467701
0.46765417,40,32.78729729729736,1.1742370755565887,10,5.371142616802608
0.37880695,40,32.45102564102564,1.062514951082305,10,3.600608173435699
0.37621498,40,32.45102564102564,1.1952975446138245,10,2.858936492241946
0.34175324,40,32.68894736842111,1.4154298530234277,10,0.4865003734542599
0.3541092,40,32.66621621621624,1.062411870845332,10,2.645000635197066
0.22253324,40,33.210000000000036,1.0766893186816942,10,0.0
0.27693856,40,33.29972972972979,0.9997410182644263,10,0.009722165306049746
0.32791546,30,31.96487179487184,0.332945416748628,15,11.207864750683553
0.34273493,30,32.85205128205132,0.3430702244910841,15,10.714645519374042
0.30918628,30,32.85205128205132,0.33733249795621373,15,9.736874226307519
-0.18792866,30,30.349459459459524,0.9052849746026229,15,0.12411566752736114
0.4580272,10,31.49108108108112,0.859055392827147,120,117.95445823725272
0.31998295,10,32.6975675675676,0.761543756324607,120,113.09420223684975
0.36723036,30,33.45222222222225,0.805660390979404,15,8.536386121497152
0.26710546,40,33.84888888888895,0.8702138086793656,10,0.0
0.21464126,30,34.96789473684214,0.6534148070851958,15,3.2042689393027346
0.18614718,30,34.8845945945946,0.8148634769254768,15,1.625503559199168
0.39875174,40,34.30837837837839,0.7927629881133064,10,3.690358833504288
0.43043825,10,33.274864864864924,1.365606872702011,120,112.8102481125027
0.26978952,30,32.44105263157894,0.7948767445699682,15,6.6782492799898305
0.28495574,30,33.847894736842136,1.139422457556919,15,4.0036654653608394
0.24917325,30,33.97684210526319,1.106380077071209,15,2.966455270611414
0.38275987,40,32.873684210526335,1.1673097953925369,10,2.7725628961750504
0.38434288,10,32.39324324324326,1.3512277151984173,120,112.38090460583598
0.34614256,40,33.093783783783806,1.0672709826551845,10,1.9541384215626785
0.3360484,30,33.724594594594635,1.18682430932572,15,5.422735329208126
0.33210024,40,31.998947368421113,1.3271592931042169,10,1.3282636017045544
0.40773344,40,31.943684210526328,1.2151142493103229,10,4.212747327345216
0.46851987,10,31.969473684210584,0.8244836539561122,120,117.96370394117007
0.5508558,10,31.91810810810813,0.9430244490645926,120,119.89244356322885
0.32044005,30,31.91810810810813,1.0233795895519944,15,7.578195526860201
0.37575313,40,32.574736842105324,1.1101808938982631,10,3.146952423000611
0.31979108,40,32.54842105263157,1.086875797336152,10,1.6109318734090747
0.36886632,40,32.51684210526321,1.0038366792238662,10,3.529963909043726
0.25706944,40,33.00783783783788,1.008765697301543,10,0.0
0.30038235,30,32.48894736842112,0.7189886942576448,15,7.92757947357231
0.37167594,30,32.25578947368422,0.4721422799368585,15,11.533777545430288
0.34913158,30,32.294864864864905,0.4224032963956487,15,11.067065944455166
0.4028017,10,32.19216216216222,0.3914651586501831,120,117.93456263142293
0.3176134,30,32.77000000000004,0.37059909117807627,15,9.905406207857842
0.33990645,30,32.996153846153845,0.3248981825945365,15,10.5765492097714
0.41092512,40,32.99171428571435,1.056931989898703,10,4.051379811044144
0.46846145,40,32.535000000000025,1.143159863274889,10,5.803044286828775
0.32320833,30,30.349459459459524,1.1979348533539393,15,8.357116433367146
0.40222034,40,30.960270270270314,1.2960567504268872,10,4.6260559508497225
0.43410403,40,30.960270270270314,1.2930613186833932,10,5.597544010526806
0.36021,40,31.264594594594655,0.9665859325447974,10,4.708775539013527
0.32655206,40,32.09270270270275,0.9450427243246018,10,2.978645976196116
0.24617057,30,34.96789473684214,0.6557044945057298,15,4.1386995432556555
0.18739055,80,34.30837837837839,1.2281655433982093,0,0.0
0.4016139,40,33.274864864864924,1.2281666604525927,10,2.632718537055686
0.3960396,40,32.29210526315791,1.0566993465469332,10,4.305586473500493
0.33266768,40,33.565263157894776,1.1103429475034838,10,0.8630527138389708
0.38201833,20,32.69324324324327,1.3140557404782318,40,32.197028077823276
0.38511327,40,32.92513513513518,1.0677127996706866,10,3.289698915583571
0.41169614,40,32.70833333333337,1.3012480271200335,10,3.136310353102216
0.31892508,40,32.09526315789475,1.1490100237122662,10,1.7274390689194794
0.62141913,10,31.969473684210584,1.0421246999025147,120,121.46247612911198
0.6120377,10,31.91810810810813,1.105300086844579,120,120.91652235047425
0.34620863,40,32.787837837837856,1.5393849982245043,10,0.0
0.37826818,40,32.51684210526321,1.0531369844583058,10,3.565518490731014
0.32087228,40,33.105135135135185,1.1070219322454093,10,0.9859232833229292
0.32097083,30,32.80315789473684,0.9232570815734655,15,7.209681547162606
0.50754595,20,31.338205128205175,0.38633987269488324,40,41.95647435704146
0.35525563,20,31.82400000000007,0.3697128183572511,40,36.98510452463071
0.3422289,30,32.996153846153845,0.3414922737007482,15,10.563251194105478
0.3834723,40,32.765135135135154,1.1333174383301992,10,3.0724463939723368
0.3436172,40,31.885675675675714,0.9930433734584704,10,3.4576236452563265
0.36495122,40,32.95972972972976,0.996816762247311,10,3.0047232733209164
0.30367187,30,33.246111111111134,1.0680637202014422,15,5.523725998358459
0.31195685,40,33.560810810810835,1.0088335981199479,10,0.7537264720801033
0.25559813,30,34.413157894736855,0.7671793199578583,15,4.418889119293293
0.27440906,30,34.413157894736855,0.8013143275187129,15,4.8125425080451425
0.47018307,40,33.87756756756761,1.203642563912375,10,4.209712126419859
0.37211037,40,32.58675675675681,0.986422646076316,10,3.6444408708744316
0.3775519,40,32.520810810810815,1.0476552417885892,10,3.5674703434915997
0.3356301,40,33.44736842105266,1.00457680767264,10,1.598650078558597
0.4002714,40,33.760810810810824,1.0497942350964815,10,2.99835971889443
0.36692536,40,33.760810810810824,1.0705358073794067,10,1.8942713444099688
0.36997488,40,33.43540540540545,1.0539042276009136,10,2.394319590735445
0.33557662,30,32.787837837837856,0.8934859964801045,15,7.812031275902941
0.31272066,30,32.09324324324325,1.2430170354788685,15,6.073291417492946
0.35472327,10,32.941351351351386,1.3274041748756937,120,111.06332597794437
0.33882403,30,33.481891891891905,1.085695148350638,15,6.254352957235031
0.35833505,40,33.27432432432437,1.0889324861723317,10,2.0310645759838906
0.40176687,40,32.31421052631583,1.0848293735629773,10,4.314648556660939
0.3832311,40,32.11944444444447,1.0893472312126737,10,3.9307524318064724
0.36337706,10,31.891081081081097,1.2310266228820628,120,112.85509782501558
0.3518571,40,31.89894736842109,1.2240847248800975,10,2.5363421978031013
0.35760027,40,31.986315789473736,1.2567477126117566,10,2.457954022854409
0.4494185,20,31.771621621621648,1.306929431504278,40,35.176286179601135
0.4130887,10,33.05000000000001,1.7364239401863584,120,110.66054115506896
0.3918552,40,32.77378378378381,1.0171124977015378,10,3.896309881459894
0.29923615,40,32.842777777777826,1.023181600602353,10,1.0183987473956497
0.39893115,40,32.79756756756757,1.2273508086756972,10,3.033612598342275
0.30176607,30,32.88157894736844,0.7815185206628472,15,7.2638102586493565
0.37858784,10,32.75270270270272,0.4219546832630961,120,116.49515908041539
0.37246963,30,31.576000000000022,0.39817822107326606,15,12.607197895822402
0.46300277,10,31.576000000000022,0.3856820380967834,120,120.38567333648932
0.4232328,20,31.902307692307716,0.37509977742412454,40,38.91917698134162
0.3124178,40,32.8655555555556,0.9266413747275528,10,1.8737718667126266
0.30316117,40,32.418648648648684,0.8863486655644534,10,2.244443192081026
0.38303694,40,32.53270270270275,1.1562659386080871,10,3.177075461019042
0.38117585,40,31.959714285714313,0.9508628286935422,10,4.721246641707998
0.16655244,30,34.55631578947373,1.2755610864047704,15,0.0
0.3423896,40,34.43324324324328,1.2552390449913673,10,0.0
0.36341032,40,33.15756756756758,1.0542226827790033,10,2.473628539744296
0.40708613,40,32.58675675675681,1.0222152583317112,10,4.514750925016148
0.3671466,40,32.520810810810815,1.0309029709889304,10,3.339072824936351
0.3352499,40,33.96189189189192,1.0105862945395487,10,1.0426733045212586
0.3387786,30,32.51864864864865,1.4131804363153533,15,5.5788065429038385
0.35675505,40,33.59270270270275,1.2349634719896474,10,0.9351313136444706
0.29913822,40,32.85162162162169,1.0632300814315383,10,0.8063742163646683
0.29948953,40,32.31421052631583,1.0332340120940808,10,1.5043051737786852
0.32176602,40,32.11944444444447,1.1117591503682218,10,1.974740082952409
0.3530281,10,31.89894736842109,1.2452287638128388,120,112.46575107830913
0.3601276,10,31.87756756756761,1.3041614850897443,120,112.40545305110193
0.27817297,40,31.87756756756761,1.2169546568012062,10,0.38284785289595824
0.35961303,40,32.30405405405412,1.86486505888181,10,0.0
0.32092783,40,32.30405405405412,1.8290721241259797,10,0.0
0.3679086,40,32.61432432432434,1.012019833733944,10,3.3628341407809987
0.38460398,40,32.48081081081085,1.0227750455371507,10,3.9434332352143286
0.3694099,40,32.37947368421055,1.0402470714899092,10,3.5015874741151283
0.2960131,40,32.57162162162166,1.0240229864148553,10,1.188655625985863
0.362748,40,32.88157894736844,0.7937535643470788,10,4.032093177056073
0.3031176,30,32.8472972972973,0.4972907909514913,15,8.759777173930916
0.28493366,30,32.64263157894737,0.44538528314757514,15,8.678451641786527
0.43181637,30,31.80435897435899,0.43587314846468966,15,13.970766423973512
0.37271884,30,31.80435897435899,0.40857647308997347,15,12.334323476600357
0.31182054,30,32.581578947368484,0.35280854021051883,15,10.008994088916383
0.34355628,30,32.581578947368484,0.3524143886255939,15,10.963037861652333
0.28811622,10,32.73473684210529,1.009464959267774,120,110.86142514122795
0.35256818,40,33.3677777777778,0.8942238204557144,10,2.7381484531116618
0.4273914,40,31.93810810810811,1.197053834211709,10,4.898364638164888
0.38962433,10,32.69540540540544,0.8884973514828765,120,114.550837552874
0.21924335,30,34.897027027027036,1.296125830177334,15,0.19964436025923238
0.5002159,40,32.86842105263162,1.0975945580882516,10,6.650082198019792
0.41267788,40,32.35631578947374,1.0844432200175593,10,4.601804739805877
0.4697766,40,32.35631578947374,1.0382994374617827,10,6.545485032705676
0.31339675,40,32.81432432432439,1.0676125901589495,10,1.2495148909404348
0.23184684,40,33.979473684210575,1.034164510822638,10,0.0
0.41154498,20,31.472162162162192,1.4010662098128484,40,33.86885584392093
0.23342727,30,33.178648648648675,1.1128640009812638,15,3.2598494648658676
0.22603695,30,33.55972972972978,1.099913842504087,15,2.7218094849373413
0.38033396,40,32.81162162162167,1.3313346157705326,10,1.9417238011101965
0.35151067,40,32.451621621621655,1.0986132423419714,10,2.6006327364379427
0.39128047,40,31.995789473684226,1.2767177166123587,10,3.359036320738036
0.33370242,40,31.824736842105324,1.367288037535532,10,1.3498949970888523
0.40925726,40,31.737027027027068,1.3954428261863037,10,3.563476902893779
0.31700322,40,31.794864864864905,1.8769265417902368,10,0.0
0.30334854,40,32.898648648648646,1.66282881019091,10,0.0
0.34985048,40,32.53947368421058,1.0448863936385657,10,2.7316090450613544
0.3376871,40,32.62135135135139,1.0696179837229758,10,2.161171564109906
0.24803151,30,32.84263157894742,0.8430517002373904,15,5.3830554513541955
0.29357576,30,33.018947368421095,0.6092711053136003,15,7.741969811266015
0.26188314,40,32.88947368421054,0.6436499045326357,10,1.7487706689542186
0.33982906,20,32.28076923076924,0.4881321820172647,40,35.47344135832211
0.4081014,30,31.79849999999999,0.367466472963624,15,13.607209988181399
0.3601036,40,32.70459459459465,1.1296128029813497,10,2.4504493249471926
0.2876614,30,33.03052631578947,0.9466277905377636,15,5.866177214807743
0.43863285,20,33.05864864864867,0.8670585611978732,40,35.7650440059906
0.38234004,10,33.248918918918946,0.9172567663485236,120,113.63499823699256
0.4169404,40,31.93810810810811,1.1643418355205228,10,4.748394500312848
0.3743112,40,31.93810810810811,1.059878619161949,10,3.991835246852773
0.33333334,30,32.43270270270273,0.9032658203101555,15,8.050968195746496
0.3516098,40,33.23810810810812,1.2745508274111055,10,0.937432088445326
0.3735016,40,33.23810810810812,1.1540007555683789,10,2.196936082156798
0.28310215,40,33.798947368421125,0.8222102596510723,10,0.5830655287651112
0.21455383,30,34.51324324324327,1.2278527889095028,15,0.7841075851418626
0.22770561,30,34.897027027027036,1.1988979889852085,15,0.9396514928372408
0.44490454,40,33.97052631578947,1.1337415354973226,10,3.7079017694133745
0.39327568,20,33.44351351351355,0.8471574730799715,40,34.11896952142024
0.42887074,10,31.534864864864915,0.8168765688137893,120,117.24687411157412
0.43320754,10,31.988333333333344,1.1337909480784203,120,115.33893853043169
0.46306068,10,31.988333333333344,1.2388173288121087,120,115.70940063906548
0.4026906,40,31.737027027027068,1.522327833951657,10,2.7320515665897913
0.3855353,40,32.53947368421058,1.0704660434432505,10,3.674255496968076
0.4130967,40,32.5862162162162,1.0691790949289868,10,4.460789520049708
0.32441473,40,33.018947368421095,0.6594542048894972,10,3.416223155631535
0.3717246,10,32.28692307692313,0.5143495283641107,120,116.29306787611183
0.3266533,30,32.28692307692313,0.4794275208027135,15,10.115538380363434
0.4419463,10,32.134615384615415,0.4436067788434592,120,118.90573971258915
0.4037029,30,31.79849999999999,0.35747108505938363,15,13.525231638043811
0.33269143,30,32.204000000000065,0.35258660947800957,15,11.01380999820311
0.31582066,30,32.52128205128207,0.37270221165206985,15,10.08982678090625
0.36325517,40,32.49888888888893,1.6861509851669751,10,0.0
0.27938932,30,32.730540540540574,1.0560209537091771,15,5.371033988532407
0.36952612,10,32.85918918918924,1.0007978058725528,120,113.2226051151251
0.2411303,40,33.45972972972976,1.2093334617911198,10,0.0
0.29354614,40,33.66166666666669,0.9047388312782944,10,0.6210230681350266
0.2908297,40,32.62189189189195,1.2558687536893778,10,0.0
0.27346686,40,32.825135135135156,1.0168291348989342,10,0.2947245721324663
0.2662093,40,33.344054054054084,1.077153059442194,10,0.0
0.39599416,40,32.55315789473684,1.28274839144004,10,2.9129249594704323
0.25787762,40,33.642432432432486,1.04713586367886,10,0.0
0.42912027,30,31.253243243243276,0.96611573283143,15,11.789785992562008
0.22467579,30,32.85594594594596,0.7805277600285498,15,4.9816889277845116
0.29207918,40,33.36405405405412,1.2501018812193778,10,0.0
0.33880645,40,32.45368421052632,1.2479241897931488,10,1.4708880414284309
0.36594102,50,32.07315789473688,2.8927334434419625,2,0.0
0.34708762,40,32.095405405405415,3.243344740922647,10,0.0
0.36087897,40,32.17162162162168,1.551422765826378,10,0.8976340781826115
0.34624508,40,32.8471428571429,1.212301698659282,10,1.4787008058732258
0.33422372,40,33.2116666666667,1.0974819831492235,10,1.3276350554116432
0.39238033,40,33.2116666666667,1.1057270780289237,10,3.0311078211010525
0.35941157,40,32.66405405405408,0.7826717063642243,10,4.204934754068218
0.30779904,40,32.47918918918924,0.7867126417864917,10,2.821218726008386
0.29293427,40,33.01157894736849,0.8458967832610006,10,1.5469653036156545
0.3437029,30,32.228974358974426,0.4331108859483211,15,10.916558811383544
0.36590594,30,31.967435897435905,0.39811743816233575,15,12.019155311929138
0.29938394,30,32.724358974359006,0.35352012055595927,15,9.489558325877992
0.4347422,40,32.77432432432437,1.0970269796900523,10,4.782806955219773
0.264948,40,32.95378378378382,1.0361256635013336,10,0.0
0.22268431,40,33.45972972972976,0.9581762628118567,10,0.0
0.3365536,40,32.38729729729732,0.9230200059133952,10,3.094210807633025
0.25349975,40,33.92459459459462,0.9635674964444606,10,0.0
0.21290891,30,34.688918918918944,0.8867201407180594,15,2.2647478052452605
0.44913328,40,32.74947368421056,1.22312183897325,10,4.608915051094227
0.33225703,40,33.642432432432486,1.015255986331646,10,1.2489987398796227
0.3056119,40,33.99684210526317,1.0051222078411735,10,0.1459039030609075
0.3206884,30,33.399729729729756,0.7821533817686942,15,7.3101550542837614
0.347539,40,32.61833333333334,1.1275231108533763,10,2.170221638971798
0.34362477,40,32.2991428571429,1.197214142718788,10,2.0235291087940652
0.33255848,50,32.095405405405415,3.4529342619109995,2,0.0
0.41410658,40,32.300810810810844,1.4345913427199417,10,2.9494294263166996
0.2834525,30,32.67611111111114,1.1207877729147762,15,5.223524933013028
0.33178774,40,33.03666666666669,1.078419007760459,10,1.5248704274828393
0.3080758,40,33.2116666666667,1.0253676730939334,10,0.9037681720217057
0.33142367,40,33.2116666666667,0.9142547594736118,10,2.159769245318115
0.33759677,40,32.953243243243264,0.7998876461774733,10,3.175221750874951
0.23502554,40,32.96315789473687,0.6872911367500694,10,0.6511524324563132
0.2280326,30,32.45923076923083,0.5612336131806128,15,6.575579268654069
0.318362,30,31.866923076923115,0.4933047326640395,15,10.217412970146617
0.3867534,30,31.864358974358993,0.4546017441929392,15,12.465234993811567
0.31614342,30,32.724358974359006,0.38707863048015473,15,9.824550962360316
0.45606112,10,32.29974358974363,0.37271391364709383,120,119.51852101709646
0.3349587,30,32.38722222222225,1.1452263451732687,15,6.935406681723494
0.22578345,40,33.246111111111134,0.9607745622663025,10,0.0
0.26875755,30,33.11162162162168,0.9262749978494725,15,5.319730195949788
0.36030826,40,32.36351351351351,1.0049889511455146,10,3.420789638423395
0.39002264,40,32.36351351351351,1.0619360479235815,10,4.02748575756479
0.31724724,40,32.48135135135141,1.5716298401023778,10,0.0
0.21741708,30,34.16837837837841,0.8511017713821799,15,3.098624971546575
0.40765613,40,32.768918918918985,1.2227246739779092,10,3.3471417445324425
0.33621964,40,33.36891891891895,1.0298951187736614,10,1.5681942955467179
0.36744767,30,33.36891891891895,0.9565395641214172,15,7.871813827006975
0.47429347,10,31.910000000000025,0.8098253041492551,120,118.26967726040716
0.45522293,10,31.355405405405406,0.7785114380776561,120,118.40872575279379
0.49572966,10,31.095405405405415,0.7988068191091152,120,119.78245007530214
0.26937982,40,33.54729729729735,1.0800566162397731,10,0.0
0.3277481,40,33.03400000000005,1.0717981961055478,10,1.4394513503323587
0.33053434,40,32.446216216216214,1.0850515366813693,10,2.0445563514401757
0.33221364,40,32.424210526315846,1.0496986398926509,10,2.2937058437195006
0.18352602,50,32.410000000000025,3.9054294313609117,2,0.0
0.3818359,40,32.06729729729733,2.093317464273299,10,0.0
0.25171563,40,32.89000000000004,0.7172883475962314,10,1.07502708989787
0.24564362,30,33.22611111111115,1.083173499948377,15,3.7273300780011063
0.4229408,30,33.22611111111115,1.123793807305614,15,8.843143206158006
0.38332614,40,32.884444444444455,1.2055576036234874,10,2.587552109194995
0.35329342,10,32.47166666666669,1.267134009293491,120,111.79146565720272
0.3828465,40,32.38722222222225,1.1396515447416142,10,3.399914815191867
0.35153583,40,33.13944444444451,1.0948024229467286,10,1.93261850721073
0.3571158,40,33.13944444444451,1.005152399752658,10,2.548267874393403
0.35629857,40,32.13378378378383,1.0850970508657922,10,3.129687991059644
0.3557047,40,32.13378378378383,1.1604157048682984,10,2.735278564352673
0.40184867,10,32.97216216216219,1.2505978291614974,120,112.83030874547934
0.27551335,40,34.16837837837841,1.0103823274041095,10,0.0
0.27193278,30,34.96263157894742,1.2997711462097623,15,1.696495752968259
0.24208792,30,34.53894736842108,1.3397780125830858,15,1.02480025243874
0.38872087,40,33.561891891891946,1.2834347464639835,10,1.682560424088524
0.28630102,40,33.561891891891946,1.093704778091282,10,0.0
0.34566504,40,33.36891891891895,1.003775734402175,10,1.9821532157382542
0.41730413,40,32.77702702702709,1.0556175382466895,10,4.464008755070172
0.4801,10,31.246216216216226,1.3096775109454357,120,116.60839628750375
0.40489253,40,32.34459459459464,1.4553216358160093,10,2.5255729813437924
0.3565545,30,32.78444444444449,0.9460725764402104,15,8.181827502401102
0.3207196,40,32.98444444444448,0.7975736845344414,10,2.6492752828549087
0.36226413,40,32.17108108108107,0.7887094237294063,10,4.753296015591052
0.36265707,40,32.43820512820514,0.7612133348081371,10,4.63544069005502
0.5203968,10,32.05307692307696,0.4708773272243657,120,121.20444175470769
0.37042654,40,32.924444444444475,0.985986811659281,10,3.2584176813477423
0.301274,40,33.38055555555559,1.0388097140304702,10,0.4636156280499044
0.36951128,30,33.13166666666672,1.0666882219579228,15,7.620230467556244
0.4263358,40,32.50222222222226,1.199091784231362,10,4.292393444639331
0.37097794,30,32.45105263157899,1.0941030196455155,15,8.2077701446048
0.29776675,40,32.74368421052634,1.342199729150658,10,0.0
0.36469936,40,32.74368421052634,1.5229257720167557,10,0.5826681019919118
0.38557172,40,32.077368421052654,2.778717881200858,10,0.0
0.33333334,40,32.440270270270275,1.3396729783916124,10,0.8613648377716627
0.33605474,40,32.440270270270275,1.1818218971897163,10,1.7322622978036026
0.21908687,30,34.60578947368424,1.1980819262192393,15,0.9764071699927745
0.32170936,40,34.31756756756761,1.3679208957342055,10,0.0
0.2860412,40,33.64526315789476,1.114815943810129,10,0.0
0.2710658,40,32.86891891891895,1.0129664641360916,10,0.19822239418057652
0.37877107,40,32.86891891891895,0.9358274917899106,10,3.815075371349346
0.48425013,10,31.678648648648675,0.8128230566383303,120,118.78474007562642
0.4446108,10,31.678648648648675,1.2520278923322803,120,115.39953597806664
0.33821887,40,33.02243243243248,1.0435118325494424,10,1.9065748716803688
0.41885626,10,32.07777777777778,1.3218235485665064,120,113.87879246141175
0.4277021,40,32.48128205128211,1.7573112470013095,10,1.563225102822127
0.39646587,50,32.21820512820517,2.1612921927138946,2,0.0
0.3520689,40,32.34837837837841,1.3663777954386773,10,1.3817998198891175
0.30207953,40,32.995142857142866,0.8275299312478424,10,1.9295933057030012
0.38447377,40,32.860000000000014,0.8620284625364413,10,4.364070986258799
0.23160763,40,32.76947368421054,0.9950107872980941,10,0.0
0.46786124,30,32.01358974358976,0.46256660451532444,15,14.709413939382312
0.552664,10,32.01358974358976,0.45346169723889096,120,122.29902122576755
0.38652146,30,31.925384615384644,0.40886881381463297,15,12.625915307067164
0.29580155,40,32.73166666666668,0.9571375673944638,10,1.3566921526357163
0.33450702,40,32.411025641025674,1.095990860782166,10,2.1442309355610405
0.35226876,40,32.37684210526322,0.9572049462631211,10,3.405195662698728
0.39641216,40,32.28243243243247,1.9469197846615665,10,0.0
0.2975492,40,32.71486486486492,1.2582168462774679,10,0.0
0.2112232,40,33.13324324324327,0.9710814047129162,10,0.0
0.23324743,40,33.2348648648649,1.2221505799139365,10,0.0
0.34557378,40,33.2348648648649,1.359888185481131,10,0.33290767617086914
0.2566578,40,33.81162162162167,1.1242572070806571,10,0.0
0.26765558,40,34.577368421052654,0.901304345817156,10,0.0
0.22958057,30,34.873157894736835,1.1233789594678956,15,1.3973644284370774
0.33056003,30,34.80000000000001,1.2821503380449588,15,3.706048808737597
0.30703482,30,34.967777777777826,1.2900049102724405,15,2.7932424193358925
0.19548064,30,34.967777777777826,1.0815495610516435,15,0.4888938861024572
0.31390208,30,35.25216216216222,1.2593174341067375,15,2.8683129434953933
0.38195953,40,34.499189189189224,1.2981828577495154,10,0.4686825748521013
0.32120365,40,33.46315789473687,1.2640722288308843,10,0.0
0.29283342,40,33.97432432432436,0.9334334022100751,10,0.14351121757772312
0.44071764,20,32.73810810810812,0.9018784909114291,40,35.97402824476962
0.317782,30,33.8845945945946,1.0848563660953137,15,5.224584175005139
0.42260724,40,32.62729729729733,1.106309654466549,10,4.519371308703922
0.4814382,40,32.29324324324324,1.4122566243745311,10,5.088619279210587
0.38574794,40,32.10297297297302,1.0773205542396314,10,4.0828626893192626
0.3455099,40,32.10297297297302,1.1488183677878716,10,2.518231821894922
0.46848017,40,31.811052631578946,1.7863923564919657,10,3.311390500093074
0.35883754,30,31.880526315789496,1.2609563188704804,15,7.579818036714318
0.532776,10,31.974324324324357,1.05605188643109,120,118.72869555753286
0.34541273,40,32.714324324324366,0.6677468029789482,10,4.309323166386625
0.36851364,40,32.81054054054056,0.7099701476257803,10,4.695018084209353
0.4209023,10,32.89594594594598,1.1394954690606118,120,114.03364634049059
0.33007172,40,32.754864864864885,0.7569804195037646,10,3.3623849942260167
0.3283582,40,32.587368421052645,0.89869362693857,10,2.7699098523295307
0.37305224,40,32.587368421052645,1.0927917574045534,10,3.140240282745042
0.32310838,30,32.41717948717951,0.5014346085507104,15,9.768898386876865
0.3856079,10,32.08641025641032,0.41796738035629466,120,117.39198964969611
0.30358875,40,33.07611111111112,0.9356135365429668,10,1.3534839754057648
0.32011154,40,32.411025641025674,1.1699949969041983,10,1.3423458880260801
0.3759628,40,32.28025641025641,1.1978433176371353,10,3.0094108866027165
0.37676376,10,32.1989473684211,1.3230872997944814,120,112.48852873025194
0.41991603,40,32.1989473684211,1.1356262299810171,10,4.720402184245243
0.34688315,40,32.37684210526322,0.9943160280158251,10,3.05807237356514
0.3466127,40,32.56263157894739,0.9659772205605208,10,3.005863297918161
0.29641485,40,32.48684210526318,0.9679076295018448,10,1.5660656550343424
0.38948664,40,32.11894736842112,1.4962750153854176,10,2.084276537735702
0.3604251,40,32.28243243243247,1.2837350190564183,10,2.111646226385817
0.25965625,40,33.81162162162167,0.9958274533570198,10,0.0
0.19391254,30,34.577368421052654,0.8442065714377909,15,2.018974799154134
0.2389296,30,34.499189189189224,0.8257326696327174,15,3.540035408956297
0.33337227,40,33.8910810810811,1.0718345219882288,10,0.7509145084970434
0.3426039,40,33.48736842105268,1.048774721906458,10,1.5468742948244767
0.28141028,40,33.80459459459462,0.9693772658880841,10,0.0
0.2672656,30,33.639729729729765,1.1103161629460128,15,3.8266568585606766
0.39651346,40,33.300810810810844,0.9264380006859081,10,3.9624032379402205
0.39286712,10,32.487297297297346,0.8003122070543081,120,115.29715522320002
0.24537008,30,34.49270270270273,0.6668217850516676,15,4.534290454072494
0.34027776,40,33.94405405405411,1.084852699988158,10,0.8400155392563375
0.34378457,40,33.00578947368422,1.3595979351421563,10,0.5097578251244483
0.36504015,40,32.29324324324324,1.2338483012836097,10,2.488720159714523
0.43934995,40,32.09000000000003,1.0864357714808512,10,5.658319630545133
0.34402135,40,32.67285714285714,1.1502022112424315,10,1.896772319268588
0.2577589,40,32.81054054054056,0.8906268024858448,10,0.4690920786321797
0.3924598,10,32.624210526315835,0.8259486118650164,120,115.0198408483748
0.39505187,40,32.28842105263158,0.9456813955322941,10,4.8347278626187
0.41056585,40,32.28842105263158,0.9292710781500971,10,5.382199419374768
0.33876482,30,32.704358974359025,0.429104651121828,15,10.313062322232108
0.37495932,10,32.08743589743591,0.3995110934930304,120,117.16378805967635
0.34591073,30,32.56666666666672,0.8536448480927791,15,8.542431188991095
0.34643736,20,32.56666666666672,0.8624701718842807,40,33.514103252559025
0.3679588,40,32.86222222222227,0.8375925795010414,10,3.988578920668667
0.33247602,40,32.95888888888891,1.23946346621298,10,0.8180745731140338
0.28143713,30,32.95888888888891,1.4682854883872822,15,3.142797850371152
0.38215524,40,32.93270270270273,1.1904620775511878,10,2.5796438833804602
0.32963648,40,32.65918918918925,1.1793742482099427,10,1.3330337997500825
0.40843067,40,32.07461538461541,1.2319024321970033,10,4.018792785047342
0.42663962,40,32.113684210526344,0.9175753163694526,10,6.097627945673067
0.29460308,30,32.48684210526318,0.8721406836762059,15,6.990546557122598
0.3395417,40,32.48684210526318,0.9114685042470037,10,3.142066631912794
0.20623377,40,33.69378378378383,0.9928587643134867,10,0.0
0.31302115,30,34.54945945945951,0.9240417864860303,15,5.22096586495804
0.33539551,40,34.13578947368421,0.9631595320718149,10,1.1102784307495694
0.4009174,40,33.46368421052631,1.1327934000292434,10,2.8998707007149864
0.24190554,40,34.296486486486515,0.9191813330781643,10,0.0
0.40655228,30,33.52729729729731,0.800400181671198,15,9.667270377021117
0.2634934,30,34.720270270270305,0.7921174451235977,15,4.223943816155337
0.3359684,40,32.347368421052636,1.220883823637473,10,1.6272647101674096
0.5132855,10,31.760810810810824,0.9623689686841577,120,118.82591011374821
0.31265438,30,32.5266666666667,0.658273952711869,15,8.561595052561394
0.33529413,40,33.28243243243247,0.7187890392703252,10,3.1824459221114623
0.33223793,10,32.873684210526335,0.8328717838153155,120,112.92909498684968
0.40968397,40,32.51947368421054,0.95825788344,10,4.979755748676935
0.3335591,30,32.663333333333355,0.468314065085226,15,10.0018692509828
0.3489747,30,32.44368421052633,0.45260954208175697,15,10.762509268449563
0.3716943,30,32.44368421052633,0.465193323202609,15,11.381177852977832
0.34417287,30,32.56666666666672,0.868399473679662,15,8.416522099771974
0.30765995,40,32.86222222222227,0.9602412959409294,10,1.566369831567278
0.33055094,30,33.131111111111125,1.1527177063749336,15,6.021828357292953
0.36364317,40,32.95888888888891,1.160041338372731,10,2.1501995761435726
0.414826,40,32.07461538461541,1.167127848824963,10,4.534525972282905
0.3595459,40,32.54631578947374,0.9373647054563973,10,3.553237017062906
0.32069784,40,32.40081081081081,1.270144469726174,10,0.8694019063899301
0.36818543,40,32.40081081081081,1.3583841166241124,10,1.85283128321199
0.35356492,30,35.16297297297302,0.8846696085868575,15,6.020626428406002
0.45703262,40,33.396315789473704,1.5140941007394617,10,2.744192434023116
0.26688302,30,34.2267567567568,0.8412027828173717,15,4.573719750698922
0.32313168,20,33.52729729729731,0.8049071446036503,40,32.14211728330488
0.36055642,30,33.44945945945949,0.8037893104911458,15,8.348286322346533
0.34806564,30,33.527837837837865,0.8029999944555201,15,7.899131665646117
0.25324416,30,34.720270270270305,0.9672155730762252,15,3.0409767018486757
0.3584367,40,33.51157894736849,1.2765324769164854,10,0.8588599690902301
0.35273975,40,32.27378378378381,1.0220237310230957,10,3.198289840002815
0.37428573,40,32.217027027027086,1.017879313087399,10,3.9221481919105834
0.3330421,40,31.760810810810824,0.7290048621354357,10,4.585427724877186
0.38726482,40,32.65055555555557,0.6087759546932822,10,5.9235090331474005
0.38388222,40,32.84888888888895,0.7266944529899955,10,5.034105821652071
0.2940092,40,33.09000000000003,0.6732799862360463,10,2.363876753852062
0.33419272,40,33.16297297297302,0.8048769219224532,10,2.838424355608222
0.3130624,40,32.873684210526335,0.8166261547786335,10,2.4350567489008474
0.3748545,40,32.51947368421054,0.9043105813476797,10,4.2046081191458535
0.32327586,40,32.51947368421054,0.9359976412171936,10,2.4988143692496054
0.42681786,40,32.32641025641033,0.9399758035081333,10,5.778246532297879
0.35822058,30,32.44368421052633,0.4823572365419085,15,10.89114666460331
0.41547078,10,32.3472972972973,0.9503484911491074,120,115.36508349693126
0.43549478,10,32.31555555555559,1.0097354330474417,120,115.7006105019539
0.42768186,40,31.651025641025683,0.9960577456544433,10,6.199141967263697
0.3843939,40,31.605897435897475,1.076806289346316,10,4.5418881749614
0.44913152,40,31.60578947368424,1.0738686641282413,10,6.498813144964892
0.30949283,40,31.83315789473687,1.0878534397528452,10,2.0123598592714007
0.36427224,40,31.83315789473687,1.078075110115283,10,3.7046333854903253
0.3321181,40,34.58729729729731,1.0769659647069927,10,0.0
0.18917984,30,35.14027027027032,0.7770398235640646,15,1.6499258053275634
0.2698413,30,35.122972972973,0.8436825784207135,15,3.7538533088867405
0.34587654,40,34.807894736842115,1.1147310199065092,10,0.0
0.36932,50,34.25631578947372,1.5323976597867996,2,0.0
0.2835929,40,34.2505263157895,0.9374552319985587,10,0.0
0.2890069,40,34.49108108108112,0.9348382844729504,10,0.0
0.26288164,30,34.181351351351395,0.8556665570924561,15,4.426765068092118
0.33670127,20,33.677027027027066,0.7670727075412745,40,32.58864801506222
0.24422987,30,33.83702702702709,0.8698513847500259,15,4.140612091452432
0.37228817,40,32.370000000000005,0.9773095361725666,10,3.9120970798770003
0.29371834,40,32.134210526315826,1.0433143464506691,10,1.460767851498506
0.44649065,10,31.76631578947371,1.0463454464769086,120,116.39667640075052
0.58686155,10,31.12578947368422,0.9813775101267411,120,121.57316984868024
0.38765627,40,32.645555555555575,0.6211544293389044,10,5.878360232527741
0.38073048,40,32.884444444444455,0.8627794435384217,10,4.2235729314709936
0.28865334,40,33.58243243243248,0.6484795500167533,10,1.8347704166609322
0.31806618,40,33.59578947368425,0.6529109492150592,10,2.68164129454877
0.38280484,40,33.71871794871794,0.8397180125481492,10,3.566836890371455
0.3660069,40,33.20897435897439,0.8145097235227438,10,3.698684110227167
0.39476812,40,32.35307692307697,1.0341272566327402,10,4.319330122983546
0.4189944,40,32.21102564102563,0.9847200265110279,10,5.435206276183239
0.19903104,30,32.12300000000005,0.9329094094389005,15,4.183383967374731
0.30629203,30,32.41974358974363,0.545234527814863,15,9.042844541844977
0.4382355,40,32.24027027027029,1.2065145704224924,10,4.874221987823734
0.47823083,10,32.31555555555559,1.0383727901825515,120,116.8395056872815
0.33524904,30,32.14833333333337,0.963452329786991,15,8.091876305341199
0.4581749,40,31.651025641025683,1.106310127647295,10,6.562670906727276
0.36049244,40,31.83315789473687,1.4226904916477534,10,1.8681627797258624
0.39029735,40,31.93918918918922,1.19770254353335,10,3.781218256851586
0.349464,40,31.922972972973014,1.3625872949070437,10,1.7480108877363971
0.2523099,40,33.03000000000003,1.1513264102145067,10,0.0
0.2384485,40,34.63054054054055,1.051029474219827,10,0.0
0.25937262,40,34.42891891891895,1.1754878957741164,10,0.0
0.24937671,30,34.25631578947372,1.0635443052221323,15,2.90726401376285
0.35449964,40,34.21473684210531,1.0288078517056762,10,1.2762128359374207
0.33180115,40,34.21473684210531,1.0545064441306344,10,0.4667653535154024
0.35977137,40,34.09684210526319,1.164968454559453,10,0.871456679717558
0.35645342,40,34.305135135135174,0.9878158457805829,10,1.4493877595714126
0.306844,20,33.677027027027066,0.7899358924986465,40,31.578613577800272
0.34243983,30,33.54135135135141,0.9536566726136538,15,6.963560549171758
0.35782138,40,33.64891891891898,1.0512447332884463,10,1.829498825834449
0.37536484,10,33.00459459459461,0.9569516569048617,120,113.47159244473158
0.39421338,40,32.55947368421056,0.9602959176007311,10,4.465447660370334
0.3102733,40,32.29210526315791,1.1255901140873454,10,1.388142678634459
0.36677757,40,32.134210526315826,1.0313727931300207,10,3.712252556800699
0.36753651,40,31.462105263157923,1.057176051866469,10,4.278109786987599
0.33208954,40,33.052777777777806,0.689657714601299,10,3.461619585085265
0.2844485,40,33.59578947368425,0.6410223569134399,10,1.7325540342354007
0.26752412,40,33.59578947368425,0.7115399055293883,10,0.8722345716328599
0.23748669,40,33.915945945945964,0.6962909088288047,10,0.0
0.22110377,40,33.915945945945964,0.7035660263432653,10,0.0
0.46283016,40,32.12300000000005,0.9501667072670572,10,7.011070956577946
0.5631013,10,32.41974358974363,0.5267730620363659,120,121.83942995411478
0.36537164,20,32.10263157894741,0.48381529964230796,40,36.43944168159431
0.4279608,10,31.283513513513526,0.9987373869733078,120,116.56162381897907
0.3284479,40,31.68473684210528,1.1435380946756208,10,2.45100973237542
0.39293224,40,31.37526315789478,1.3869409220547717,10,3.4779997046659084
0.2895333,40,31.637894736842156,1.4667267888796285,10,0.0
0.2815113,30,32.03947368421058,1.246498112702986,15,5.173375302162512
0.38691345,40,32.054736842105285,1.2286243382959394,10,3.409544868350787
0.4085153,40,31.762105263157935,1.2339102917044087,10,4.323802440469471
0.42630744,40,32.105675675675684,1.4712918213270982,10,3.327088735396366
0.3682678,40,32.105675675675684,1.4438100012559263,10,1.7233085753160031
0.19516847,30,33.62891891891894,1.0351833981091514,15,2.0502179431250145
0.22142361,30,33.62891891891894,1.0257844159368688,15,2.8848673794283464
0.29006085,40,34.47277777777782,1.0032897904946605,10,0.0
0.25113493,40,34.72783783783785,1.044996662656928,10,0.0
0.26086956,40,34.72783783783785,1.1651750344801435,10,0.0
0.18608469,30,35.71270270270276,0.8659292951067613,15,0.5401915905234844
0.2847653,40,34.19378378378383,1.0006773383347822,10,0.0
0.32882562,40,34.31368421052633,1.0082372435699176,10,0.5098980884510711
0.29284307,40,34.49594594594595,0.9430996096774957,10,0.0
0.35041112,10,33.64189189189193,0.8200341739143008,120,112.770270459043
0.2524218,40,33.64189189189193,0.8916224829815846,10,0.0
0.43139756,40,33.47918918918924,1.0902601150925628,10,4.011436882266213
0.43330085,10,33.28027027027031,1.0158580127084624,120,114.63946545622338
0.24882156,30,34.04333333333335,0.9245669457511533,15,3.798478760697016
0.36363637,40,33.73944444444447,1.0317156681499549,10,2.0110682539847913
0.37341568,40,32.801891891891955,0.9859689776202241,10,3.470733171006705
0.56634986,10,31.214324324324366,0.9760558248196609,120,120.8958927471393
0.31426775,40,31.78333333333336,0.523160755121872,10,5.028895507583387
0.33092225,40,33.73166666666668,0.6923572262942327,10,2.734214788723294
0.3164098,40,33.623684210526335,0.6769378353175244,10,2.4839207785546646
0.25763357,40,33.7842105263158,0.650175970979952,10,0.6939166893239253
0.4108984,40,33.27564102564105,0.78493576071638,10,5.126631439964241
0.407077,40,33.27564102564105,0.7956986945157256,10,4.958176213994029
0.4138773,30,32.260769230769256,0.650672812698625,15,11.90218590970955
0.34826428,30,32.60333333333335,0.5211017701609622,15,10.23908571680252
0.50630265,10,31.283513513513526,0.9243542568396661,120,119.28379547801634
0.45246062,30,31.684594594594614,0.866965840241225,15,12.554394379881709
0.22907203,30,31.83947368421059,0.9971400693252077,15,5.046987157759664
0.40810993,40,31.7247368421053,1.3609158095727492,10,3.7139820313973733
0.35133567,40,31.68473684210528,1.2433736998414744,10,2.6384648282719922
0.36540085,40,31.68473684210528,1.1720226204769835,10,3.4171756250536385
0.4018127,40,31.637894736842156,1.3334975737476458,10,3.7489986947301386
0.3130129,30,32.03947368421058,1.3082270850862634,15,5.809777938401904
0.28138244,40,31.762105263157935,1.36429352494958,10,0.0
0.30090633,40,32.105675675675684,1.2704550500211729,10,0.569239124600359
0.2721273,40,32.675405405405456,1.1426193604694428,10,0.0
0.2351133,40,34.47277777777782,1.082167153542755,10,0.0
0.39669636,40,35.16729729729735,0.903566980663703,10,2.2157585184466635
0.34658948,40,34.31368421052633,1.7090230201241867,10,0.0
0.3955322,30,33.47918918918924,0.9998645373080968,15,8.38745418834473
0.26819968,30,33.28027027027031,0.8314534307139079,15,5.6084527343171
0.27906978,30,34.04333333333335,0.8724126522263989,15,4.966696579897433
0.37441158,40,31.532105263157916,0.9339505148660943,10,5.030489452696965
0.46059114,10,31.532105263157916,0.9072534362258967,120,117.74936160978604
0.268915,40,33.48405405405407,0.6545665785013584,10,1.310563376295128
0.3369678,40,33.73166666666668,0.7370699078796563,10,2.69201758823727
0.29338324,40,33.623684210526335,0.6764623917790306,10,1.795501474840036
0.46805772,40,32.00300000000004,0.7448984972994503,10,8.314239113198695
0.41013062,30,32.260769230769256,0.5328148498095865,15,12.37907470888705
0.33968595,30,32.41210526315791,0.3649835455119804,15,10.95355507973682
0.41003865,30,31.218947368421084,0.8763494451442008,15,11.700464658650414
0.36095765,30,31.370000000000005,0.8262092776706224,15,10.327683215596377
0.38841426,40,32.081052631578984,1.1381553131889857,10,3.880598881788911
0.43942133,30,31.395789473684204,1.3672125244925621,15,9.950788013434993
0.43336985,40,31.395789473684204,1.3700929213626392,10,4.754840847460736
0.33506495,40,31.551578947368455,1.308733746430853,10,1.956700734335798
0.3327189,40,31.570526315789493,1.3311805109405903,10,1.7551385535644535
0.40044662,40,34.420000000000016,1.1262685413978206,10,1.9620563580186774
0.25175697,30,34.48777777777781,0.9778401919373036,15,3.1757299769810325
0.3625615,40,34.23594594594596,0.8060029125238802,10,2.610884287800621
0.30554548,30,34.23594594594596,0.8456214974378737,15,5.70231109659098
0.29480255,40,33.986216216216235,0.9783388825877354,10,0.0
0.28126782,30,34.57277777777779,0.8862300021973244,15,4.434107265791093
0.35193697,40,33.7842105263158,1.2107494885214587,10,0.7201506892092402
0.40716615,40,32.95473684210532,1.0773408092222614,10,3.8735434037997276
0.38842976,40,32.76297297297299,1.2819878019846,10,2.479980658738995
0.43058443,40,32.50263157894739,1.0286789928427693,10,5.271506530350224
0.3365902,40,32.05421052631584,0.9308186776942251,10,3.3894018813719313
0.33333334,40,33.722631578947414,0.6906006404871078,10,2.824365218617047
0.3896125,40,33.65631578947375,0.9755808454664021,10,3.1541546477024625
0.46138614,40,32.847894736842136,1.1160236472817147,10,5.413571205198345
0.42793044,40,32.50641025641028,0.9088417542037207,10,5.7872942750546725
0.3231689,40,32.50641025641028,0.8023430729990741,10,3.1769418337440287
0.36803368,30,32.735128205128206,0.5773216559192985,15,10.419273442827423
0.3471251,30,32.55052631578951,0.43958124262054193,15,10.665320998626624
0.50961196,10,31.902972972972975,0.9702573254025716,120,118.53409960849524
0.4305865,10,31.218947368421084,0.9002853644976175,120,117.19722006474298
0.40079892,40,31.76684210526321,1.1523144621169708,10,4.495553139304461
0.30708998,30,31.2768421052632,1.3702524110203032,15,6.084595695390667
0.29878616,40,31.570526315789493,1.2945209567215799,10,0.9204539262106479
0.2307692,40,32.78405405405408,0.9906710703773577,10,0.0
0.2077789,30,35.43842105263161,0.8995057417898776,15,1.2974172728357525
0.24946763,30,34.947297297297325,0.8721115789592262,15,3.1761736552857265
0.42168677,40,34.28945945945952,0.9209599232386038,10,3.756344174828514
0.24326077,40,34.3026315789474,1.1045338080932015,10,0.0
0.3845416,40,34.6894594594595,0.9463047127730323,10,2.1152654485474205
0.29493138,40,34.23594594594596,0.9895464441265905,10,0.0
0.3554141,40,33.77918918918925,1.1354823163534542,10,1.2058224406727787
0.28920203,40,34.68333333333334,0.6972005343154248,10,0.5067251655245868
0.25682917,30,34.59500000000003,0.707578568483312,15,4.571982521530459
0.28340298,40,33.223513513513524,0.6722169298012177,10,1.9174914261725737
0.39613447,10,32.847894736842136,1.0180780099630482,120,113.94574957163964
0.401651,40,32.847894736842136,0.8744763145009622,10,4.829253955185575
0.36487612,40,32.32076923076926,0.8211048462553883,10,4.5199904224141
0.3649671,40,32.32076923076926,0.8221115564920981,10,4.517686336212843
0.40136054,40,32.37256410256413,0.8571949324397419,10,5.382277845481193
0.33122948,40,32.60282051282053,0.8606929376714703,10,3.0305994840361237
0.30590272,30,32.55052631578951,0.4147321623182584,15,9.552894654683481
0.3360319,30,32.31894736842111,0.41811719786409657,15,10.67142449023415
0.47002947,30,32.040810810810854,1.1138337955303828,15,11.490904734321319
0.37222406,40,32.089459459459476,1.1218897642354595,10,3.467813608899588
0.51859546,10,31.96473684210531,0.8596785288497844,120,119.2947340253135
0.46324474,10,31.77864864864864,0.901718353791138,120,117.6101012644584
0.37468272,30,31.656842105263195,0.8830421023638515,15,10.168428867221241
0.2814021,30,32.77594594594598,1.4613756333175367,15,3.359239471751753
0.33933634,40,32.51684210526321,1.2329906621331983,10,1.4982946947240325
0.3477579,40,31.61666666666673,1.3799708610565615,10,1.916216406839518
0.24858344,40,34.16611111111115,0.9495051572483999,10,0.0
0.305546,40,34.30888888888893,1.0140289208584827,10,0.0
0.27269232,30,35.01222222222225,1.4404032796754727,15,0.9665313739643295
0.36473528,40,34.196666666666715,0.9982320302294957,10,1.7542316781695506
0.3253712,40,34.29555555555555,1.0189041620487043,10,0.3710596606120564
0.31707543,40,34.36459459459462,1.1086884997552342,10,0.0
0.2918255,40,34.898648648648646,1.0218365864957912,10,0.0
0.35835603,20,34.08135135135137,0.8115088231373003,40,32.61178524351303
0.303179,40,34.450540540540544,0.7805357341404318,10,0.7421509286097141
0.29381496,40,34.69648648648655,0.8511015169035274,10,0.0
0.3609347,40,32.2427777777778,0.9714174258043913,10,3.728176243110517
0.42397377,40,31.963513513513533,0.9872886820971982,10,5.819256308472847
0.33231616,40,31.963513513513533,0.98482070352507,10,3.081867750815978
0.24507217,40,32.175555555555604,0.8536684542165336,10,0.908267393169508
0.27917188,40,33.833783783783815,0.6107779997121824,10,1.4874826348617134
0.24897152,40,33.868378378378395,0.6523664825134644,10,0.3389350150149757
0.30429733,40,33.757894736842104,1.0489830756389769,10,0.1261097199616419
0.26871336,40,34.06250000000006,0.6506469409706508,10,0.7456658413701138
0.24755697,40,34.50350000000003,0.7319196328127124,10,0.0
0.29246488,40,33.50641025641028,0.826831834783349,10,1.133377097531108
0.45244217,10,32.70538461538462,0.8048011746463538,120,116.84387452921186
0.46249896,40,32.4074358974359,0.9440429774113281,10,6.747318283653219
0.352923,30,32.5689743589744,0.9405082552972693,15,8.316174539857656
0.330963,30,31.96473684210531,0.9487726858520102,15,8.220289179524196
0.28601053,40,31.77864864864864,0.9672152105463686,10,1.9655913905325564
0.3283999,40,31.93157894736845,1.4903370919379544,10,0.4687323401143697
0.31614688,30,32.27315789473687,1.6902206615733475,15,3.7601448159487916
0.39084277,40,32.77594594594598,1.214331493503034,10,2.8776791431351434
0.3785023,40,32.51684210526321,1.2091957191172682,10,2.792248236947401
0.37239194,40,32.11894736842112,1.3058514921155937,10,2.5235532543399675
0.3528411,40,32.11894736842112,1.3655239299515995,10,1.6386658245076697
0.29657355,40,30.5256756756757,1.3271830062000407,10,1.7356156376534937
0.3718213,40,30.5256756756757,1.2960061932888463,10,4.148932645053564
0.32435715,40,31.104054054054075,1.1952941536156045,10,2.650189603767328
0.24651164,30,33.08459459459465,1.0421026677380765,15,4.100241359835565
0.39055264,40,34.30888888888893,1.323373361451797,10,0.7908231131678729
0.17672136,30,34.41722222222228,1.0018715123535358,15,0.8750612798233348
0.38422793,40,34.11277777777781,1.6893358565405794,10,0.0
0.2520617,30,34.526216216216255,0.8920295256958555,15,3.575486725618485
0.33251533,30,34.08135135135137,0.8257051058469571,15,6.765583349795975
0.3312789,30,34.69648648648655,0.7592438526902667,15,6.445660908958399
0.37367436,40,34.673243243243235,0.9369140984591153,10,1.852417106034701
0.328877,40,33.591052631578975,1.230912723843551,10,0.12069363797645671
0.35492066,40,33.591052631578975,0.9849382436926654,10,2.1318757427136994
0.3268985,40,33.12675675675678,0.6950448596471653,10,3.204973614432834
0.34867716,40,33.025135135135145,0.7884358699496093,10,3.493000221154789
0.40995276,40,32.469473684210584,0.9219667410221459,10,5.219275293858019
0.4161007,40,31.963513513513533,0.9748820289103884,10,5.645098001275044
0.3665851,30,32.175555555555604,0.8280707876697977,15,9.681643521387238
0.27383238,40,33.40210526315792,0.5534233844298656,10,2.0457493249216148
0.30537832,40,33.8026315789474,0.6725990606332659,10,1.9957225391611177
0.2549146,40,33.8026315789474,0.6641361451559409,10,0.5241261734182157
0.26873857,40,33.757894736842104,0.6521041053603738,10,1.0437417857462283
0.29722843,40,33.50641025641028,0.8201080936467451,10,1.3099024340022138
0.3598339,40,32.33250000000004,0.9463260447682658,10,3.7308862727515972
0.28875098,40,32.25888888888892,0.9368805598379653,10,1.7192374576207143
0.31305203,40,32.36105263157896,1.2361702815237785,10,0.8496567316937735
0.33265755,40,32.678648648648675,1.2721312537592289,10,0.9404210446902228
0.28105286,30,32.802432432432454,1.0731195272762732,15,5.263555428431641
0.32559472,40,33.4964864864865,1.0454461241793787,10,1.044124435377551
0.3355134,40,33.73864864864868,1.231646574227249,10,0.1685208367864668
0.29152152,40,34.5577777777778,1.0269785809785226,10,0.0
0.256042,40,34.711621621621646,1.0564640793461093,10,0.0
0.29309702,40,34.86789473684212,1.209016468707275,10,0.0
0.33601156,30,34.30567567567567,0.6879685154798119,15,7.334828771823236
0.29255497,30,34.62944444444446,0.6559277279753924,15,5.867566358938335
0.40121952,40,33.08000000000004,0.7003167118420563,10,5.455001744315084
0.37911656,40,32.50684210526322,0.8860694034249996,10,4.43630795693684
0.30861002,40,32.2836842105263,0.8832688865534456,10,2.558271776971911
0.29526502,30,32.112702702702734,0.9793553067116554,15,6.848471373918554
0.36002585,40,32.40513513513514,0.8066344484793847,10,4.362467925507821
0.34003916,40,32.97684210526319,0.6051559000987401,10,4.198553426202193
0.30511838,40,32.97684210526319,0.563219896289136,10,3.3606101792669447
0.28258738,40,33.37526315789478,0.5881435734202556,10,2.1616402278469264
0.2887735,40,34.428888888888935,0.645351905480901,10,1.007556881074299
0.24260353,40,34.793000000000006,0.8286188994328162,10,0.0
0.34185448,30,33.02052631578948,0.5297124377232847,15,9.586545702309085
0.47466764,10,31.7766666666667,1.270528263307503,120,116.11072075467281
0.30720147,30,32.138000000000034,0.9353797936533265,15,7.401145113089322
0.512605,10,31.760810810810824,0.9158680694753868,120,119.03799997346735
0.4226662,40,33.068378378378384,1.6185437811939611,10,1.5188881358175923
0.37756822,40,32.04000000000002,1.3781255297074086,10,2.3964188570377996
0.29070145,40,30.003513513513553,1.2758325797697303,10,2.3383673554117763
0.34998313,40,32.54405405405407,1.1319077079165683,10,2.295901569023065
0.39410368,40,32.446216216216214,1.0513025611618807,10,4.120381366419281
0.16987392,40,35.17055555555555,1.1559934268834071,10,0.0
0.21105191,30,34.62459459459461,1.7287784199040832,15,0.0
0.265632,30,34.25594594594594,1.5961057576709234,15,0.7324853459066478
0.2787435,40,34.56222222222226,1.1237218103730087,10,0.0
0.2522064,40,34.44611111111112,1.4002528708212705,10,0.0
0.32620075,30,34.150000000000034,0.8568148034417579,15,6.351948628927074
0.29474843,30,34.150000000000034,0.9913055503434697,15,4.7359247085633855
0.32285097,40,34.001891891891944,0.9512931521335596,10,0.9271718539786953
0.36874154,40,34.104054054054075,0.9383363521055822,10,2.2665103086459792
0.35104236,40,32.65378378378381,0.7768877190831762,10,3.9930486013931503
0.37974995,40,32.566756756756774,0.692338137552581,10,5.364050889465494
0.3451267,40,32.52000000000004,0.6995462025298671,10,4.3360694416669965
0.3784122,40,32.508421052631604,0.7059873933058679,10,5.314007564970074
0.3424747,40,32.508421052631604,0.7185144412951979,10,4.173247465776757
0.4686285,40,31.827894736842154,0.8729969500234055,10,7.865975121387944
0.43391165,40,31.94243243243244,0.890182627008924,10,6.624004306928806
0.34226874,40,33.76157894736849,0.7973258008881227,10,2.5198541468194855
0.2813793,40,33.76157894736849,0.7479447374350269,10,0.940077006426252
0.29501384,40,34.410000000000025,0.6652871939607351,10,1.11397972382224
0.30739054,40,33.823500000000024,1.227521423601787,10,0.0
0.38739514,40,32.61512820512826,0.8858435484788988,10,4.577508149303066
0.37138757,40,32.377500000000055,0.9034763764377749,10,4.246745667001364
0.35483873,40,31.990540540540565,1.280573344579734,10,2.2517548492952333
0.4386434,40,31.990540540540565,1.3365941773859378,10,4.485790635059053
0.46612602,10,31.7766666666667,1.2836827123228522,120,115.78870023932548
0.33565795,40,32.486666666666736,1.1322357367368567,10,1.9218928497287209
0.39181116,40,31.812162162162224,1.0903253063780216,10,4.490546288823383
0.4459907,10,32.01666666666671,1.1817240476633417,120,115.45443472769604
0.44048473,30,32.58783783783787,1.134068886714535,15,9.95635956034422
0.32397157,40,32.960270270270314,1.1597297825262551,10,0.9602280285552638
0.3518786,40,33.068378378378384,2.282982164232128,10,0.0
0.36301368,40,32.59432432432436,2.3480491285820095,10,0.0
0.36995047,80,29.104444444444482,1.2773386345037023,0,0.0
0.33726335,40,32.54405405405407,1.1819481074759637,10,1.664105838894777
0.38945234,40,32.54405405405407,1.1089533670877103,10,3.5947493339278154
0.31143674,40,32.446216216216214,1.1282486040353075,10,1.255642753209715
0.2777438,40,34.385555555555584,1.030069739556434,10,0.0
0.33400646,40,34.38351351351355,1.1426814164290326,10,0.0
0.29322964,40,34.56222222222226,1.196062822375912,10,0.0
0.39624748,10,34.152702702702754,1.0113958940346042,120,112.67774211646508
0.3040483,30,34.145675675675704,0.7676804010279019,15,6.1373715207716275
0.20655954,30,34.84833333333336,0.8673173930084253,15,2.0118659627192734
0.3405018,30,34.19500000000005,0.7900812647108716,15,7.069647199727868
0.3724146,40,34.325135135135156,0.787991815599882,10,2.9073438092574886
0.35214964,40,33.360000000000014,0.7096037074774733,10,3.6564708953811165
0.3972784,40,32.52000000000004,0.6954495588744458,10,5.9211045412386625
0.43338567,40,32.25105263157894,0.7671106819067003,10,6.9149639226033965
0.47688562,40,32.25105263157894,0.7908364597134715,10,8.101333891906709
0.3720724,40,31.94243243243244,1.0199831585890695,10,4.119823509940405
0.27405775,40,32.8547368421053,0.8923080077200434,10,0.9054551331092098
0.28764418,40,33.76157894736849,0.7608922174998226,10,1.0632848615116335
0.27085412,40,34.39055555555558,0.770176583679318,10,0.0
0.25235468,40,34.00794871794875,0.7799759718548746,10,0.0
0.22973655,40,33.83564102564105,0.7837568208997221,10,0.0
0.33965728,40,32.87684210526322,0.8467802559570984,10,3.078974663137167
0.36376688,40,32.87684210526322,0.8475580433858624,10,3.798373773422096
0.37559143,40,32.61512820512826,0.8120197252113571,10,4.592516322702045
0.40541878,40,32.377500000000055,0.6114625575038753,10,6.727751042468627
0.3641102,40,32.17685714285716,1.022853489332319,10,3.632181530980601
0.37046188,40,32.32444444444451,1.0140348019855954,10,3.719238367705275
0.47521654,10,32.081666666666706,0.89491764865343,120,117.70024164981528
0.4137754,40,32.14722222222224,1.057650294561692,10,4.977789117854213
0.36799732,40,32.18783783783789,1.1138154796390218,10,3.2830038808025073
0.31327868,30,32.18783783783789,1.544873756202328,15,4.486153234678988
0.38426834,10,31.398888888888962,1.331087608325548,120,113.47372315495485
0.45917848,40,31.918888888888944,1.2603022230572036,10,5.554954306017045
0.25004157,30,33.683142857142855,2.130278714804114,15,0.0
0.43463147,40,33.715945945945975,1.2668272989668323,10,2.9888611684546333
0.36021316,40,33.563513513513556,1.1341078517868781,10,1.5723422416539563
0.25804785,40,33.563513513513556,1.0746501671161806,10,0.0
0.26260257,40,34.278333333333364,1.189956635334698,10,0.0
0.27119997,40,34.278333333333364,1.1869078374246065,10,0.0
0.23048794,30,34.67722222222227,0.9512476140328612,15,2.481177963464363
0.44723246,40,33.11594594594595,0.7783188876336888,10,6.409433369276992
0.37058854,40,32.64157894736849,0.7165103135291268,10,4.8935256550196335
0.32064834,40,32.486315789473736,0.7224808208734688,10,3.5207302800858704
0.41084507,40,32.41789473684213,1.0556759019245543,10,4.629077958090919
0.33742538,40,32.83000000000004,0.8996882931441047,10,2.7943196246024247
0.31297836,40,32.83000000000004,0.8086028228262127,10,2.5163366900948514
0.26097947,40,34.23270270270274,0.6897635780013074,10,0.14786374851497985
0.37144345,40,32.21277777777783,1.00661247761458,10,3.8974631116273173
0.4211912,20,32.21277777777783,0.9409801345311878,40,35.718057020559996
0.35607067,30,32.17685714285716,0.8977250768678459,15,9.016637935246603
0.34869888,40,32.32444444444451,1.0147636209762445,10,3.0627040391412272
0.4162769,40,32.18783783783789,1.4974061762522117,10,2.8134384343993917
0.37884682,40,31.485000000000014,1.2990842099786826,10,3.384983847243628
0.4068988,40,30.081111111111113,1.3742758082266955,10,5.254473895835512
0.5048309,10,31.398888888888962,1.3308091637103199,120,117.09199251477793
0.4179113,10,31.845000000000027,1.3237903087600773,120,114.0733873171811
0.25553113,40,34.76837837837837,1.1905121002607835,10,0.0
0.38327745,10,33.713243243243255,1.870217676158686,120,108.43399169496207
0.4113821,30,33.683142857142855,2.2092220214704237,15,2.6122102557776277
0.3851118,40,33.715945945945975,1.261226064525879,10,1.5312780260344194
0.29361424,40,33.63666666666671,1.0447729254462494,10,0.0
0.31246033,40,33.79666666666668,1.0885271222238213,10,0.13450755225207622
0.3387801,40,34.17756756756762,0.9716104571043526,10,1.1277832592036132
0.25547013,40,34.67722222222227,1.0230655568309237,10,0.0
0.38300103,40,34.30459459459462,1.0194598700220168,10,2.088136714473891
0.37057334,10,33.805135135135174,1.046943862222925,120,112.07734536481122
0.21448608,30,33.646756756756815,0.5425560456393536,15,5.07504518131424
0.3719832,40,32.65947368421058,0.6591806700436744,10,5.2041186030870055
0.38896993,10,32.55000000000001,0.6703454575501541,120,115.7673707070644
0.39145845,40,32.27105263157898,0.7578857819232246,10,5.683271721982269
0.4486438,40,32.27105263157898,0.7609978200022991,10,7.3832721715932
0.36360872,40,32.07263157894738,0.9774808012025232,10,3.9482255265063095
0.28787878,40,33.899729729729756,0.8007591214200429,10,0.7328377864082762
0.26442954,40,34.23270270270274,0.707945222777595,10,0.1604571035446134
0.3166081,40,34.25350000000003,0.6984967277708367,10,1.7522596864210929
0.28175557,40,33.80282051282052,0.8470248168112291,10,0.4147224234111384
0.4493805,40,32.51717948717953,0.9382014952047126,10,6.27322768879907
0.4186842,40,32.84435897435901,0.7396526850678515,10,6.0179044301077464
0.50909686,10,32.03756756756758,0.8482206423209393,120,118.99423536681644
0.41498372,40,31.52675675675681,0.960621212888912,10,6.119648330910316
0.42461127,40,31.93918918918922,0.9264996449935525,10,6.166651132971977
0.41557086,40,31.60783783783785,1.010988465260321,10,5.804345490019893
0.40928,40,31.235000000000014,1.4850191117581417,10,3.618304862351856
0.14707088,80,30.97277777777782,1.51997974538803,0,0.0
0.27262828,60,31.841666666666697,1.4391702231678205,1,0.0
0.3213433,40,31.841666666666697,1.3362522823361165,10,1.1173712255695225
0.32664698,40,32.5627777777778,1.3014093445713237,10,0.7295846601345941
0.18462645,40,33.89000000000004,1.2977801652056862,10,0.0
0.35518092,40,33.589459459459476,1.3294519912824851,10,0.41870843125741875
0.24923494,30,33.68828571428571,2.134883392528452,15,0.0
0.38251543,40,33.38722222222225,1.0728609376652873,10,2.723936029119722
0.27296573,40,33.23944444444447,1.0416710926340935,10,0.0
0.30897507,40,34.08777777777783,1.165020289457209,10,0.0
0.38128537,40,34.00888888888892,1.1202994321475617,10,1.8281749556811482
0.2678087,40,34.00888888888892,1.0844564797698806,10,0.0
0.30945027,40,34.07222222222225,1.0212842587749786,10,0.10486465354047603
0.37224084,40,34.07222222222225,1.1769981192248116,10,1.21001256868652
0.3573178,40,34.01157894736849,0.8578503193285605,10,2.418703899193897
0.32429495,40,34.01157894736849,0.8627984585861161,10,1.4032772364746657
0.32220757,30,34.081052631578984,0.8604615294201537,15,6.282866791724409
0.4038884,40,33.65157894736848,1.0022449983860469,10,3.453847968030491
0.42800128,40,32.79000000000002,0.6502691748267874,10,6.798692322171151
0.35198516,40,32.79000000000002,0.6535581263192047,10,4.501764396010726
0.3261424,40,32.74736842105267,0.6244516750028936,10,3.9146449589036614
0.3928988,30,31.89842105263159,1.0040932183801567,15,9.868076960693234
0.38367128,40,32.43162162162167,1.0268511938790092,10,3.944260617900677
0.38999417,40,32.39105263157899,0.955556615158045,10,4.530989892071609
0.37963545,40,32.92684210526318,1.0785969932289627,10,3.0692364786713586
0.28540507,40,34.272051282051336,0.6923655775041262,10,0.8282730041868192
0.31713396,40,34.123846153846216,0.7405640307641764,10,1.6873525166772492
0.31332913,40,34.474000000000046,0.6811381590232239,10,1.520183062742901
0.27080667,40,34.26230769230773,0.6711058247672099,10,0.5063636446331259
0.24761158,40,34.14846153846156,0.6694828986715996,10,0.0
0.47170568,40,32.96052631578948,1.1675609934624962,10,5.352839288803841
0.4029215,40,32.96052631578948,0.9099017285036652,10,4.577610386948404
0.40427363,40,32.87157894736845,0.8053354941901396,10,5.229952505491131
0.38359788,40,32.768461538461565,0.8242301187990728,10,4.618324677394852
0.33161953,40,32.43162162162167,1.0866141858521596,10,2.083893655995918
0.39006642,40,31.93918918918922,1.0279870726467488,10,4.622868104335569
0.3571545,40,31.52135135135137,1.203764404774123,10,3.1744608476213587
0.3804567,40,30.955555555555577,1.3786172743995135,10,3.565058969761468
0.3691186,40,31.841666666666697,1.3273339347793998,10,2.5952217264426496
0.40126365,40,32.317222222222256,1.3363927008807308,10,3.0387237786547807
0.45313364,10,33.62944444444446,2.1178734064184352,120,109.37519761872983
0.4319114,40,33.62944444444446,2.0094202211039502,10,0.0
0.30929732,30,33.89000000000004,1.4546466272122613,15,3.1156869078685014
0.32837003,40,34.03000000000003,1.1119353780124426,10,0.2614238497439567
0.2884458,30,33.4147368421053,0.5237261382309472,15,7.620006482834817
0.35621524,30,33.717027027027086,0.49972090767972255,15,9.470825400801537
0.3943076,40,33.717027027027086,0.5373626153163954,10,5.425388726978813
0.373494,40,33.23000000000002,0.621768486463333,10,4.865977295424441
0.3431559,40,32.74736842105267,0.6297925490060157,10,4.398345427262588
0.37123677,40,32.768947368421095,0.6971655685819884,10,4.882327950008935
0.40970564,40,32.28567567567569,0.7415147550222242,10,6.297919957282624
0.47863775,10,32.28567567567569,0.9114381261746414,120,117.51626671069374
0.399521,40,31.794736842105294,0.8234935613633151,10,6.0734247474251735
0.38859674,40,31.794736842105294,0.8740546509547186,10,5.492891923807634
0.27946556,40,33.50315789473689,0.8330190796847308,10,0.7157138068209132
0.3011972,40,34.27871794871794,0.6729235396287899,10,1.392580800156618
0.30671617,40,34.26230769230773,0.6694632461849339,10,1.5918610828604285
0.28903654,40,34.14846153846156,0.6807324530932726,10,1.1189728475015204
0.28261584,40,33.83263157894737,0.9138272201831641,10,0.07670772030557771
0.4143709,40,32.768461538461565,0.8396661209554404,10,5.464335057872442
0.4181701,40,32.28729729729736,1.1708451640005817,10,4.403579838609557
0.35275152,40,32.263888888888914,0.9915804934723135,10,3.360754406423478
0.41064766,30,32.37888888888892,0.8185870190774284,15,10.84760612135922
0.35570794,40,31.982972972973016,0.8891917333305984,10,4.2423062276096735
0.3820135,40,31.806216216216228,1.046077828690039,10,4.423799691460447
0.38975498,40,31.6375675675676,1.0358224208502327,10,4.875970106422753
0.31944665,30,33.22611111111115,1.1589886251500836,15,5.56234541007403
0.31150752,30,33.22611111111115,1.2639989454815221,15,4.7991198985125365
0.38240635,40,33.43162162162167,1.281162144925678,10,1.6347581367797286
0.41482845,40,32.51972972972976,1.3032971463912633,10,3.4086377451006085
0.48254883,40,32.274864864864924,1.7817968804058781,10,3.2926161070150908
0.28587037,30,32.468947368421084,1.3396441264028747,15,4.408943017882552
0.3162762,30,32.95270270270271,1.3540429193225474,15,4.765368362014316
0.3237624,40,33.58777777777783,1.0299079727200573,10,0.9755541979159572
0.25909987,40,34.020810810810815,1.0132168635699434,10,0.0
0.30113453,30,33.652702702702754,0.7543319011034433,15,6.609673517229539
0.2976943,30,34.08263157894737,0.7285089866604777,15,6.205652577667231
0.3070401,30,34.08263157894737,0.6951552700384181,15,6.652795243091701
0.2797945,30,34.01736842105265,0.6869002155554086,15,5.941966337539114
0.3949388,40,32.698717948717956,0.7194718372515252,10,5.552086329088824
0.28600067,40,32.971025641025676,0.7059888644098117,10,2.079050442504705
0.33763936,40,32.92351351351351,0.7207868705448717,10,3.6017325806847293
0.42252535,40,31.568421052631606,1.0707534461216943,10,5.753572522310784
0.44745812,40,31.594864864864917,1.248660645983396,10,5.585575095873149
0.32743365,40,32.22789473684213,1.3280882361736306,10,0.9546734752765058
0.2503023,40,34.2146153846154,0.6907906186255544,10,0.0
0.28608415,40,34.35666666666668,0.6727570246120582,10,0.8620725668605242
0.28241795,40,34.08743589743591,0.6843661090700041,10,0.9632720416904332
0.3337221,40,33.135641025641064,0.8554871400383003,10,2.5985869796111647
0.32988024,40,32.2867567567568,1.1795852762703112,10,1.7117236439989698
0.3743557,40,32.223513513513524,0.942727093769352,10,4.293521783757903
0.33613953,30,31.55972972972978,1.2822583500451772,15,7.113164255265082
0.36490893,40,31.6375675675676,1.193863786881023,10,3.3403813133961098
0.40011823,40,31.71108108108109,1.1533126746768365,10,4.525902101172478
0.28993782,30,33.793888888888944,1.1524686252930858,15,4.14190235599457
0.30283228,30,32.4666666666667,2.3808871073686246,15,0.0
0.30148783,30,32.95270270270271,1.4454529528922524,15,3.8646676141281073
0.32254934,30,33.58777777777783,0.985760727220829,15,6.159899000323059
0.3565883,30,33.652702702702754,0.7426021525856294,15,8.331935527012792
0.3652265,40,34.01736842105265,0.6426450475142476,10,3.7262012172836796
0.35714287,40,33.60729729729735,0.5499710694678015,10,4.357133684568225
0.37646297,30,33.60729729729735,0.5361370608875299,15,10.005906125057205
0.4122288,40,32.698717948717956,0.7042558166373439,10,6.1468671088686335
0.31379637,40,32.75461538461542,0.6845494296789314,10,3.236528312858826
0.28899452,40,32.75461538461542,0.6629826027418056,10,2.6003072281746666
0.39213866,40,32.34567567567569,1.0002494714519694,10,4.417236972694712
0.24314901,40,32.89157894736849,1.1201228834867536,10,0.0
0.26195356,40,32.42243243243246,0.9855102978381255,10,0.5086225877820487
0.37380606,40,32.31222222222226,0.9385425439768262,10,4.209246544344911
0.40809968,10,31.790555555555557,0.8273920395245199,120,116.31547476402481
0.4685555,10,32.00135135135139,0.9205737486448663,120,117.45244540953088
0.3850764,40,31.944054054054106,1.4821969114676603,10,2.197253379925443
0.40278697,40,32.210540540540535,1.1377170350252537,10,4.184483739045634
0.3868195,30,33.11833333333334,1.2857716641858419,15,7.057393401467837
0.27960104,40,33.78555555555556,1.1829858498161354,10,0.0
0.43222508,40,31.401111111111106,1.372227416236745,10,4.704503887812268
0.4390244,40,31.253888888888923,1.3493613020023283,10,5.170036358279109
0.3875356,40,31.802777777777806,1.318918260730672,10,3.2286987958326705
0.35500056,40,32.67944444444447,1.5236475332201909,10,0.3523347813456059
0.26809227,30,32.97666666666669,2.4430400749257295,15,0.0
0.4040572,40,32.48611111111114,1.8763160582313716,10,0.25402487258038065
0.3195435,20,33.40105263157898,0.7311702903881171,40,32.52940163245479
0.27644175,30,33.587894736842145,0.6995625483447704,15,6.207545170791558
0.26568913,30,33.49722222222226,0.5208388408533211,15,6.869257826572962
0.37006333,40,33.49722222222226,0.5581625248947387,10,4.81386541161565
0.33284846,40,33.52135135135137,0.599706837367,10,3.4655685203600815
0.4013699,10,33.58837837837842,0.6731957129658726,120,115.08673979551239
0.36025438,40,33.29947368421057,0.6510734902494661,10,4.252790438657907
0.40210178,40,32.742631578947396,0.7176933352674434,10,5.7319554807887085
0.3971248,40,32.32052631578949,0.7248256900794816,10,5.969089159924365
0.3693411,40,31.608378378378404,1.0399819036477294,10,4.271945412081111
0.4669102,40,31.840526315789475,1.0869799242726905,10,6.7318802858596705
0.30968857,40,33.49894736842111,0.9803680600477773,10,0.8898697930878843
0.3180403,40,33.952631578947376,0.7373665461252769,10,1.9017449932333301
0.34909636,40,34.39842105263159,0.7440098459700041,10,2.354420757759917
0.2878627,40,34.17153846153849,0.6902925476355865,10,1.0128791207144499
0.340694,40,33.900000000000034,0.6502947763653447,10,3.0693462785318273
0.3896823,40,33.79050000000001,0.6450078779899525,10,4.674929829857819
0.36490953,40,33.37800000000004,0.7611299188244393,10,3.763636446371455
0.32145748,40,32.501891891891944,0.9034350319098573,10,2.6246574010605412
0.36168873,40,32.31222222222226,1.042129829458922,10,3.327790549059692
0.44500813,40,32.103888888888946,0.8238094745964686,10,7.1273072756106055
0.33486167,40,32.103888888888946,0.8423379178300268,10,3.730271459681446
0.3721546,40,31.944054054054106,1.364830848758024,10,2.396429850650618
0.27752224,30,34.1117142857143,1.0183547758995317,15,4.122178754300748
0.47879192,30,32.33162162162165,1.3386414712229502,15,10.338928916416808
0.45541567,40,31.20055555555558,1.3760123326334284,10,5.581853119618961
0.41204715,40,31.253888888888923,1.3034101510189715,10,4.590474556865111
0.40621197,40,31.802777777777806,1.3010779861897335,10,3.8781914446050036
0.38437408,40,31.802777777777806,1.3152976015903222,10,3.151956886783985
0.29745832,30,33.84351351351353,0.8250128386720815,15,5.955171570623507
0.33775,20,33.38473684210527,0.6009029365315304,40,33.7432484871813
0.28675076,20,33.74842105263161,0.741002261432088,40,31.149090555296176
0.2598684,30,33.91918918918924,0.5016805651841001,15,6.368460108563033
0.35545683,40,33.2168421052632,0.5935789984313484,10,4.478967992605726
0.31409997,40,32.98684210526318,0.8190778173814555,10,2.34076774351969
0.40987122,40,31.608378378378404,1.098422727932223,10,5.195644974331257
0.37262872,10,31.840526315789475,1.1253746501925548,120,113.71146196537077
0.32951117,40,34.17153846153849,0.6655078391405737,10,2.3862571454045924
0.29228815,40,34.133500000000026,0.6701649423923367,10,1.2843201527759707
0.28545564,40,34.133500000000026,0.6583449589588284,10,1.1384444520350883
0.3817673,40,32.591081081081086,0.9200131385283354,10,4.261872662080081
0.43556127,40,32.07222222222225,1.2774355371096806,10,4.607438208817898
0.47856277,10,31.757567567567605,1.0692539000734878,120,117.25304638060825
0.39932555,30,31.700270270270323,1.069855861380952,15,9.930217148246054
0.43008024,40,31.700270270270323,1.1128076669897846,10,5.6380984030087715
0.5175588,10,32.1608108108108,1.124830871338793,120,117.74179976655265
0.4294172,30,32.41222222222228,1.1201890734431634,15,9.86934831986039
0.23389702,30,32.41222222222228,1.4411722658651818,15,2.3988268456995527
0.34705758,30,33.061666666666724,1.7299485480474674,15,3.7003176800643853
0.3901202,30,33.567837837837885,1.1451807562867846,15,7.4098650187325905
0.46772367,10,33.567837837837885,1.1984039862900022,120,114.47185217238325
0.5172667,10,32.83864864864864,1.284293117400858,120,116.25788656715946
0.5181135,20,31.915945945945964,1.308272452821408,40,37.086095775289465
0.4436486,10,31.341111111111104,1.5462991679877995,120,114.23685113148689
0.30811676,40,31.5577777777778,1.5359962998808838,10,0.00574335149506755
0.37161964,40,32.89833333333337,1.8171649279615125,10,0.0
0.43344858,40,32.49722222222226,1.8316756733950368,10,1.3478572416795114
0.3830665,20,32.80166666666673,0.8391895499220572,40,34.494380630310445
0.32544792,40,33.039189189189244,1.1711619241523343,10,0.8684384588708198
0.37400854,40,33.41918918918924,0.8861773730663216,10,3.370179951339246
0.30480266,30,33.41918918918924,0.9460500818982601,15,5.994639963742572
0.24498467,30,34.10783783783785,0.4973029346682101,15,5.755187854237063
0.26917934,30,33.987837837837844,0.45438351054374376,15,6.815624808130366
0.31592226,30,33.778947368421086,0.5397986660469793,15,7.999726723937643
0.28081557,40,34.034102564102625,0.708816148440594,10,0.8462838747741177
0.28580523,40,34.018205128205125,0.685185650369318,10,1.13002376236471
0.29713914,40,34.018205128205125,0.6909854887158644,10,1.4410416786013798
0.30229592,40,34.17599999999999,0.6858490258491681,10,1.4636328045123808
0.27665058,40,34.17599999999999,0.7305365477967429,10,0.4708341970496468
0.2851064,40,34.28000000000003,0.7268418807391388,10,0.6389820683199954
0.25477707,40,34.224000000000046,0.9131543813631131,10,0.0
0.31680816,40,32.67162162162168,1.024216314308554,10,1.7115420059736302
0.4574737,10,32.42945945945951,1.2938532201397221,120,114.8254849122163
0.52092284,10,32.1608108108108,1.095082318521743,120,117.99146289598488
0.4935452,40,32.1608108108108,1.071100401455299,10,7.290043116540557
0.36136383,10,33.061666666666724,1.6407374783123907,120,109.57556122727975
0.46182814,30,33.567837837837885,1.0463611889323476,15,10.05520053747316
0.50767404,10,31.915945945945964,1.295994450620039,120,116.83430221785146
0.34178612,30,31.923333333333346,2.365331306564584,15,1.503593719276946
0.42392805,40,32.039189189189244,1.41911437804644,10,3.5830808738239996
0.37332326,30,33.13216216216222,0.9724999589761437,15,8.205036264683692
0.38913026,40,33.261891891891935,0.9981545307390907,10,3.4212432517647233
0.31471536,30,33.554864864864896,0.861243413558736,15,6.580378998344548
0.32315588,20,33.13578947368421,0.5926354242543355,40,33.59570942519841
0.27841607,30,33.82611111111112,0.7498673645156744,15,5.77703437866274
0.2541744,30,33.913243243243244,0.42224278791945635,15,6.600774776465914
0.22714859,30,33.778947368421086,0.4185251386274508,15,5.942884693170637
0.2410961,30,33.41842105263157,0.5187363555946154,15,6.220779857100546
0.44265175,40,32.146315789473704,0.7990636648952241,10,7.137918440364615
0.39019585,40,31.732105263157905,0.926032403457558,10,5.343608269575481
0.4027504,40,31.80368421052634,1.2075815926172333,10,4.240920308151566
0.2584054,40,34.018205128205125,0.7561214737813102,10,0.0
0.26239738,40,34.018205128205125,0.8258004795764531,10,0.0
0.28213418,40,34.06794871794875,0.7160280092270043,10,0.8159366281697231
0.27898088,40,34.17599999999999,0.7258134103215128,10,0.5643596383223257
0.25084022,40,34.17599999999999,0.7377664492507401,10,0.0
0.33276683,40,32.78891891891897,0.9228101143748229,10,2.5800354868632835
0.48100033,40,32.14833333333337,1.1996703587124498,10,6.283325124851737
0.41152006,30,31.621666666666727,1.1795500958036753,15,9.826184944902309
0.45892444,40,31.432222222222265,1.0949154594589587,10,6.860933710076793
0.3953559,30,31.763888888888914,0.9739029996287283,15,10.227273853845704
0.3573158,30,32.267837837837874,1.1221566697056948,15,7.840852855730849
0.41403058,40,32.55756756756762,1.2641366841025345,10,3.5426667143579493
0.30500475,40,32.663333333333355,1.5103738762225962,10,0.0
0.29504272,40,32.663333333333355,2.1715784558726123,10,0.0
0.36545923,40,32.417027027027075,1.5328074841352521,10,0.882712983210661
0.2718226,30,32.774864864864924,1.0688481746366425,15,5.035572138289259
0.32346988,40,32.88000000000005,0.9810774904449157,10,1.9187091729887582
0.3314482,40,32.45810810810815,1.0081648219570931,10,2.444513797932916
0.36758396,80,32.05702702702706,0.8580310314333134,0,0.0
0.302665,40,32.28891891891897,0.8330611602341639,10,2.6257250206385203
0.36623627,20,32.81648648648655,0.8070188699965084,40,34.1355074179412
0.3298058,20,33.066756756756774,0.5875067885559059,40,33.889882683629914
0.31580698,30,34.03702702702708,0.6220953239329273,15,7.326706012801617
0.28017843,30,33.93972972972978,0.4480487031748369,15,7.225379806614618
0.40418223,40,31.786315789473747,0.7805514637089515,10,6.436393929688426
0.4822839,40,31.58894736842109,1.377906584977457,10,5.990036726368916
0.36656484,40,31.645789473684204,1.451686964909032,10,2.0927209016642703
0.4063482,40,31.918947368421072,1.3731238360677471,10,3.405879849205168
0.30204946,40,33.63000000000005,0.9904622473722459,10,0.4791721340429884
0.22969544,40,34.32794871794874,0.7688842377145894,10,0.0
0.30170777,40,34.09205128205133,0.8233328200525097,10,0.84251796329964
0.30695596,40,34.09205128205133,0.7997771783132769,10,1.1177417307189939
0.34430546,40,34.12179487179492,1.3808237518457642,10,0.0
0.30323938,40,34.54263157894741,0.6637212711563051,10,1.2359429993562014
0.2903428,40,34.301052631578955,0.7946179593459893,10,0.43614142307010173
0.32588083,40,33.801794871794925,1.0305129427857256,10,0.8220655452589849
0.25097734,40,32.935945945945946,0.8770185380561675,10,0.2082812913277099
0.37809426,40,32.70243243243249,1.4412526636973948,10,1.4341318133889782
0.52490425,10,32.57685714285719,1.0503074805655948,120,117.91873223348068
0.3724937,40,32.25500000000005,1.0237817450405586,10,3.8009024357955
0.428114,30,31.478648648648687,0.9469331911142931,15,11.630105565791933
0.4814815,40,32.38351351351355,1.2011761574839832,10,6.055050806447748
0.36367947,40,32.486666666666736,1.2446508981121178,10,2.2004632541089775
0.3542696,40,33.532162162162194,1.5041000727751395,10,0.0
0.37361532,40,33.00945945945949,1.3087328446677065,10,1.6553361791010763
0.39610705,40,32.282105263157916,1.4960755580422336,10,2.12072802636348
0.31360158,40,32.55631578947373,1.1369722246567506,10,1.166870883545684
0.35506403,40,32.55631578947373,1.0376296023565519,10,2.907457151170794
0.3404094,40,31.264594594594655,0.9762695188916762,10,4.066340050920283
0.26268655,80,31.18783783783789,0.859919703681161,0,0.0
0.3598442,40,32.226216216216244,0.8214394454422737,10,4.461912376102373
0.32218933,30,33.44837837837838,0.5798770968225798,15,8.317916073710284
0.30606386,30,33.44837837837838,0.6667265617253567,15,7.399904887429001
0.27569988,30,34.2121621621622,0.7070460871545162,15,5.523603778905377
0.26220497,30,34.245000000000005,0.4925867310564738,15,6.158215230154842
0.2974151,30,34.110000000000014,0.46767856004218156,15,7.4740606465376835
0.33468795,30,33.75378378378383,0.46583684336116504,15,8.957670428297678
0.3400669,30,33.35111111111115,0.8411256767816273,15,7.645268142053121
0.40081114,40,31.897368421052647,0.8803708470316015,10,5.725111087180921
0.3694082,40,31.897368421052647,0.9077268877147913,10,4.646242780206409
0.48057738,40,31.783684210526303,1.3461843662210613,10,5.9027152126478475
0.3553349,40,31.563684210526333,1.497703163349908,10,1.6078476385566205
0.3496382,40,32.70538461538462,1.1100623416916096,10,2.233449916408989
0.2899966,40,34.18100000000004,0.8887743680578225,10,0.0750261728299435
0.30781704,40,34.123157894736835,0.888971335992212,10,0.6664968815786061
0.24991725,40,34.285135135135135,0.7557418346801931,10,0.0
0.31179717,40,33.97358974358974,0.661698106434719,10,2.0718351075613817
0.35718945,40,33.86846153846153,0.8077420925698608,10,2.8085111854708433
0.2779034,40,32.935945945945946,0.8686257017349613,10,1.058027359797399
0.40576056,40,32.85648648648652,1.5399784491302044,10,1.6164379848132873
0.314856,30,31.862777777777808,1.0049615471089506,15,7.55809405522721
0.4588545,30,31.478648648648687,0.994976717520586,15,12.312103100494154
0.43216595,20,31.472162162162192,1.0131643649595972,40,36.426994433716374
0.3568873,40,32.59444444444449,1.3105882399829607,10,1.5592339186265196
0.19771075,30,33.7121621621622,1.483996289596924,15,0.0
0.34769896,40,33.532162162162194,1.541809906953919,10,0.0
0.31641433,40,33.532162162162194,1.5225071956989797,10,0.0
0.35534197,40,33.00945945945949,1.26626151516466,10,1.3194917469027345
0.38537237,40,32.735000000000014,1.2924253422894907,10,2.3640447478123434
0.2786466,40,32.85055555555556,1.341574436520916,10,0.0
0.31882742,40,32.85055555555556,1.3732493287156309,10,0.0
0.35005778,40,32.52135135135137,1.489865901110763,10,0.5310527218935643
0.3798269,40,32.04243243243246,1.2443497840703182,10,3.130625885142578
0.35439608,20,32.226216216216244,0.6315245231245817,40,35.248043590006624
0.2554657,30,33.14837837837837,0.8298834551051794,15,5.36617535599637
0.31646514,20,33.09722222222223,0.6252619309798311,40,33.270421910814825
0.2891986,30,33.44837837837838,0.6809570175457602,15,6.822795156223876
0.28096887,30,33.960270270270314,0.7758290341529802,15,5.589650546977238
0.2934031,30,34.2121621621622,0.608388584701355,15,6.547987382283095
0.27261424,30,34.245000000000005,0.5193784618186593,15,6.336534486761851
0.38392237,30,34.110000000000014,0.47211465978076717,15,10.047098104982782
0.3814634,30,33.75378378378383,0.48091255782126446,15,10.285556056188305
0.2276184,30,33.885675675675714,0.4987116195827706,15,5.4493179194715164
0.45694387,10,32.103888888888946,1.0187690710866415,120,116.51058194563906
0.36745313,40,32.103888888888946,1.537250994733239,10,1.2334500595146238
0.4379512,40,31.452105263157932,1.528242987423268,10,4.04521585236356
0.37584946,40,31.563684210526333,2.633246019588059,10,0.0
0.3045383,40,34.03263157894742,0.9436162034237016,10,0.38543700543645
0.24008073,40,33.83307692307693,0.9657638568877761,10,0.0
0.27338603,40,34.285135135135135,0.636176822727557,10,0.7355617124506564
0.41017383,30,32.749444444444464,1.09057004629881,15,9.102920735316506
0.41737214,10,31.828378378378375,1.032356188192054,120,115.53100510709929
0.38037974,30,32.16388888888895,1.2633965118159851,15,7.9305203294477655
0.48413098,30,32.32555555555558,1.2699227206391768,15,10.84876015344549
0.41067445,40,32.280555555555566,1.2703549251863018,10,3.687903564458643
0.31438017,30,32.502777777777794,1.5111150097328594,15,4.373052349142602
0.18914518,30,33.848857142857184,1.8914013358555042,15,0.0
0.32139355,40,32.39432432432437,1.2983087432113558,10,0.7559383439962231
0.3110802,40,32.17736842105268,1.5067885112693151,10,0.0
0.3353234,40,32.86459459459462,1.290645378811291,10,0.7418800274914519
0.31497258,40,32.721351351351416,1.282249024300795,10,0.3165808740344005
0.31263635,30,33.55270270270273,0.7647775096546405,15,7.002500437060436
0.3106949,30,33.74243243243245,0.7611750244593379,15,6.772539598086117
0.24955347,30,33.12567567567572,0.5725767753135741,15,6.498044516362892
0.37259018,40,33.12567567567572,0.8030372161661632,10,4.036844209469368
0.497269,40,31.76567567567571,0.8607960710251554,10,8.848414358495173
0.47727272,40,31.76567567567571,0.8433058945670142,10,8.335976413108344
0.44912958,10,31.98243243243246,0.959982064765286,120,116.69154501416867
0.36606783,40,32.291052631578964,1.6007979328510875,10,0.6869928879903693
0.3265385,40,32.291052631578964,1.8237878008854542,10,0.0
0.32340282,40,32.663157894736855,1.1960638316855678,10,1.0586072420580273
0.34493285,40,32.308947368421116,2.227657916600335,10,0.0
0.31496847,40,33.921282051282105,0.8018960107183228,10,1.5182915774365942
0.31237975,40,33.66210526315791,0.6156493008250864,10,2.6310409856483323
0.27403694,40,33.66210526315791,0.9580277281847918,10,0.0
0.31243598,40,33.36846153846153,0.6646492828884267,10,2.681371543600681
0.36567995,40,32.94388888888892,0.941058379535782,10,3.321218105207654
0.38829705,40,32.94388888888892,0.9831686492035019,10,3.789179673135145
0.518731,10,31.87611111111113,1.0140770499482348,120,118.61543383190826
0.41557336,40,31.828378378378375,1.0285920548647793,10,5.495862035295187
0.55537516,10,31.539444444444484,1.15355846146041,120,119.35401713285785
0.42168674,10,32.280555555555566,1.8908244603853481,120,110.91592399867328
0.43039823,30,32.86500000000001,1.2332262406527088,15,8.88081594568752
0.30737075,30,33.81514285714286,1.5719409325252558,15,2.5462753459316287
0.3244436,40,32.39432432432437,1.4590352053745679,10,0.043808034413300945
0.3903819,10,32.75000000000006,1.4407496901584185,120,111.75770890330227
0.24609372,30,33.650000000000034,0.8037767170744076,15,4.71392786708493
0.26687384,30,33.66891891891896,0.7597339799711319,15,5.538626564880581
0.32777113,30,33.74243243243245,0.7621911438431902,15,7.27974607525336
0.3296102,30,33.74243243243245,0.7141248293845235,15,7.575249829624895
0.31094924,30,33.51666666666671,0.590474173534097,15,7.859439421401397
0.332026,30,33.552162162162176,0.46791130814116805,15,9.069061822986402
0.3551034,30,33.486216216216235,0.46199304164752225,15,9.856920988266591
0.35113648,30,33.486216216216235,0.48102987727094826,15,9.642729035554014
0.40521005,40,31.76567567567571,0.8515018335289413,10,6.133116600997226
0.32675266,40,32.663157894736855,1.383378247679837,10,0.22253051807389834
0.18101548,50,32.45833333333337,3.9658649253768314,2,0.0
0.31485265,40,32.308947368421116,1.8972183038744326,10,0.0
0.36049384,40,33.83000000000004,0.7064145697967014,10,3.4527419402805783
0.29102167,40,33.921282051282105,0.726735894025647,10,1.1756883634424335
0.2840946,40,33.99000000000001,0.767737935957152,10,0.6941481355572763
0.30170155,40,33.66210526315791,0.8125124869859357,10,1.3263789695110502
0.28851178,40,33.25444444444446,1.0186884553927364,10,0.3074663456535056
0.2713569,40,33.12243243243245,1.184234097868856,10,0.0
0.37283948,40,32.31777777777779,1.14658592573203,10,3.134477233665903
0.43078247,40,31.914000000000044,1.1026508805822521,10,5.496219615063109
0.541963,10,31.806756756756783,0.9821121201190929,120,119.54157293115532
0.4545975,40,31.46111111111111,1.6172877097140756,10,4.090375763996395
0.45269796,10,31.908888888888953,1.3411186955674033,120,114.96645658443542
0.39364228,30,31.908888888888953,1.5561755014605536,15,7.119501805501138
0.45712855,10,32.07333333333332,1.7578927260590993,120,112.85105932502535
0.40998995,40,33.1477142857143,1.8133091096508027,10,0.08543843624813441
0.38927355,40,32.70027027027032,1.4480161161022427,10,1.7378559965529217
0.32940122,40,33.2211111111111,1.2414218377504118,10,0.45381683351134416
0.29992852,40,33.53540540540541,1.0347134995174594,10,0.2888828881889287
0.3627147,40,33.47378378378386,1.0817525309932277,10,1.998895198830085
0.2754933,30,34.01473684210532,0.9005353994352587,15,4.747385376835177
0.24604766,30,33.9964864864865,0.9155173845172795,15,3.807356565065551
0.35311055,40,33.92891891891895,0.8577505219212588,10,2.3756447474208473
0.3101266,30,33.6462162162162,0.7895276877563583,15,6.709943173098875
0.39102754,40,32.75378378378383,1.0435265280208568,10,3.7594101703493905
0.4329808,40,32.03105263157897,1.1040079795811493,10,5.4383318136262275
0.3739158,40,32.455789473684206,0.8703917014246891,10,4.409725494844263
0.28533956,40,32.14000000000004,2.4703965556746192,10,0.0
0.3726051,40,32.60789473684213,1.7697162651326865,10,0.0
0.29201278,40,33.90487179487184,0.802207542945692,10,0.8444738149240507
0.28450522,40,33.99432432432434,0.7329090239325211,10,0.8762872313913093
0.306944,40,33.84000000000003,0.6454972913180853,10,2.1408334999807295
0.31409398,40,33.801578947368455,0.645944382064656,10,2.391518179911292
0.3249878,40,33.9147368421053,0.6323905741745268,10,2.672944613832369
0.29823405,40,33.97105263157897,0.6151453133185654,10,1.900242118924624
0.29249144,40,33.97105263157897,0.6108430109460591,10,1.7494754250440576
0.34175867,40,33.148974358974385,0.6315429386715258,10,3.9460709410490797
0.40614194,40,33.07820512820513,0.6317665289700962,10,5.947220495684245
0.28220353,40,33.170000000000016,1.1151740931878897,10,0.0
0.27057716,40,33.25444444444446,1.2040223464794406,10,0.0
0.35353774,40,32.6177777777778,1.2817826923319302,10,1.5794412774025588
0.4219007,40,31.88611111111112,1.0541633618293853,10,5.500092763740059
0.38125142,40,31.914000000000044,1.229904472102314,10,3.3740199484553717
0.3037448,40,31.93571428571431,1.2390114141551514,10,0.9815720340594538
0.4388289,30,31.470555555555563,1.5300959932200227,15,9.043830813139436
0.31850675,30,31.46111111111111,1.6091937420019264,15,5.0481227566784135
0.4320086,30,31.46944444444449,1.282082072148206,15,10.080403078688947
0.39193895,40,32.14277777777778,2.0601059078528485,10,0.0
0.49846798,10,32.3461111111111,1.271197040020655,120,116.25194356509945
0.3453355,40,32.718571428571465,1.2343826949035916,10,1.4695807956651512
0.1872049,30,33.57971428571432,2.3912149753234098,15,0.0
0.24559508,30,33.909428571428634,1.5852793447716609,15,0.5320273648596894
0.32431975,40,33.1477142857143,2.1970975186528987,10,0.0
0.31057265,40,32.70027027027032,1.4111184209340917,10,0.0
0.3607595,40,33.2211111111111,1.2161480448565993,10,1.5209337980565731
0.31709015,40,33.5483783783784,0.9726199477815395,10,1.1012264193706418
0.29578277,40,33.80621621621623,0.9053479367215764,10,0.5405274943445129
0.3432764,40,33.80621621621623,0.9019050489394763,10,1.9825513193152995
0.2746995,40,34.01473684210532,0.8994506061833059,10,0.0
0.30696577,30,33.9964864864865,0.9221813129912417,15,5.601579576579234
0.23622283,30,33.942222222222256,0.8583627995468714,15,3.8526486355671477
0.41272244,30,33.27864864864864,0.6035139048392384,15,11.085455372685571
0.27803773,30,33.263513513513544,0.5040657379774142,15,7.557289212412195
0.29220644,30,33.28684210526319,0.5599244582919658,15,7.679728882394831
0.41106033,40,32.75378378378383,1.1096653369503928,10,4.029699809799907
0.4428384,40,32.75378378378383,1.1611538646778585,10,4.72559860446509
0.35582584,40,32.97105263157897,0.9936088249698685,10,2.735678324312712
0.28972578,40,33.801578947368455,0.6319549335168495,10,1.7304199250054748
0.29826322,40,33.97105263157897,0.6000534268971386,10,1.9765766369224558
0.34908634,40,32.13628571428575,1.0776729486451382,10,2.947939821330645
0.38295612,40,31.946571428571474,1.1813224571841094,10,3.635499609235124
0.51249886,10,31.982222222222276,1.3584251199026336,120,116.6006184317939
0.47952533,40,31.696111111111122,1.4088934225052816,10,5.6451818752924305
0.4118441,30,31.746111111111134,1.334945965425826,15,8.934481844876334
0.5527272,10,31.531666666666695,1.337608523478472,120,118.36210827264925
0.43243873,40,32.145555555555575,2.324053280381719,10,0.0
0.36635575,10,31.523142857142886,1.8855557594696448,120,110.03975105264965
0.535825,10,31.860857142857185,1.2806861641152683,120,117.8104620203477
0.27556446,40,32.00333333333333,1.34002200901101,10,0.0
0.2803412,40,33.01972972972976,1.2786748361608016,10,0.0
0.33716872,40,32.97648648648652,1.2920294936462327,10,0.6784279264609552
0.319154,40,34.131081081081106,1.088950942553624,10,0.0
0.3403694,40,33.981891891891905,1.390659562259053,10,0.0
0.3854064,40,33.981891891891905,1.1894347538665606,10,1.6331264424682779
0.31846884,40,34.29000000000002,1.0060407769136674,10,0.23386172129463745
0.26527175,30,34.218421052631584,0.7412466687690925,15,5.03349855593872
0.2738496,30,33.97216216216219,1.19386255859127,15,3.274013146341809
0.31051,30,33.63162162162166,0.5570865131094938,15,7.89824602446742
0.35065788,30,33.4218918918919,0.5345427683156441,15,9.425131074774727
0.32390767,40,33.24947368421056,0.6146492596613775,10,3.3945100650275357
0.49831566,40,31.87263157894739,1.1022399152683608,10,7.565638556971324
0.3247504,40,31.780270270270307,1.4920536357828262,10,0.5019729243052673
0.39006212,40,31.780270270270307,1.6577291350723622,10,1.6329475023961155
0.33605087,40,32.74842105263161,1.2385814747848995,10,1.1401976641910148
0.29150802,40,33.6726315789474,0.7569969713253937,10,1.287624399724388
0.2840756,40,33.69736842105266,0.6671126006795779,10,1.4893359199240068
0.28865632,40,33.78000000000003,0.5981572975986872,10,1.88890289373715
0.3024394,40,33.32729729729732,1.3340088035062956,10,0.0
0.2622518,40,33.32729729729732,1.322791311895247,10,0.0
0.35551894,40,33.06621621621622,2.291544430052672,10,0.0
0.349245,40,32.61611111111114,2.0370929779929488,10,0.0
0.365403,40,32.13628571428575,1.1981022153961296,10,2.8352931651281255
0.37313434,40,31.946571428571474,1.2971789172887658,10,2.7615640154323327
0.3541975,30,31.982777777777812,1.364999460544826,15,6.818150240341138
0.45330948,30,31.982222222222276,1.5945610095618858,15,8.644257410236015
0.53276443,10,31.982222222222276,1.6680789901733064,120,115.66031676306616
0.25946242,40,33.01972972972976,1.2682303991188923,10,0.0
0.35005268,40,32.5921621621622,1.3541729835845093,10,1.138553557889102
0.2827952,40,33.384444444444455,1.0747132909768764,10,0.0
0.3098522,40,33.942972972972996,1.3407130922737305,10,0.0
0.23880821,40,34.29000000000002,1.0009316222009472,10,0.0
0.2774309,40,34.48368421052635,0.9914484718192438,10,0.0
0.2659713,30,34.48368421052635,0.9987445003766328,15,3.501732535690894
0.30150157,40,34.48368421052635,0.9895147137335334,10,0.0
0.26899385,30,34.218421052631584,0.8645265628839482,15,4.5287616547328895
0.2842335,40,34.25540540540544,1.239190823253331,10,0.0
0.3219465,30,33.1721052631579,0.4958433641162379,15,9.00707299781163
0.19309717,30,33.51052631578949,0.6401326422772272,15,4.081725853500817
0.3963964,10,32.494864864864894,1.4005486001614982,120,112.39428390566108
0.40567893,10,32.494864864864894,1.4185854840637937,120,112.5825758698492
0.47238326,40,31.780270270270307,1.5548404056839342,10,4.6170252900797575
0.32452762,40,31.93473684210528,1.4433929864024602,10,0.584126417982576
0.28022808,40,33.23789473684212,0.8959936939326532,10,0.688979522597652
0.31186783,40,33.532105263157916,0.7550680150983782,10,2.048589356740634
0.30570316,40,33.78736842105269,0.6775863014148837,10,1.9957954088203147
0.3137792,40,33.87947368421055,0.6327631872687155,10,2.3700863489129214
0.28554875,40,32.888888888888914,1.2875533423374554,10,0.0
0.24868712,40,32.89378378378382,1.2715175891908546,10,0.0
0.35438144,40,32.754864864864885,1.860315473061695,10,0.0
0.39546442,40,32.02388888888896,1.315213578901331,10,3.26397617369304
0.33893397,30,32.01648648648654,1.602852805382976,15,5.137268807678616
0.5126132,40,32.01648648648654,1.691852688326463,10,4.902645826958684
0.5441311,40,31.84621621621625,1.8518245952195667,10,5.218594232355857
0.47626445,30,31.962222222222238,1.7940098318883693,15,8.355661854548902
0.45481896,40,31.58000000000004,2.4877933046595633,10,0.0
0.45218834,30,32.50885714285721,2.1978548633512087,15,5.067518442825831
0.3380643,40,32.499142857142886,1.3117789311443273,10,1.0838922777153295
0.34613428,40,32.58833333333337,1.3856281169277893,10,0.8675541947580463
0.24431548,40,33.09722222222223,1.3708041592259201,10,0.0
0.27351755,40,33.79111111111115,1.0290135483093654,10,0.0
0.36439663,40,34.4305555555556,1.2576018342104542,10,0.2133340875629255
0.3342273,40,34.71108108108109,1.0992997309804777,10,0.0
0.22995557,40,34.49972972972978,0.9854915653882558,10,0.0
0.2439796,40,34.338108108108145,0.923344254073812,10,0.0
0.3318357,40,34.338108108108145,1.1520627944596178,10,0.0
0.35078534,40,33.870000000000005,1.0259278355005346,10,1.5239209706518668
0.3255039,40,34.38081081081083,0.6184883785841936,10,2.2918637566094078
0.3104058,30,34.157027027027084,0.6349868894455208,15,6.980211946954425
0.30962643,30,33.66842105263157,0.5551725720366246,15,7.8445089368546395
0.33850637,20,33.472105263157914,0.5031234660194974,40,34.16746852467442
0.17010193,80,33.298947368421125,0.5066944515896,0,0.0
0.3608702,40,32.62135135135139,0.6753811761351709,10,4.827849286500166
0.4001896,40,32.029459459459474,0.9084663934335083,10,5.433897071787502
0.3679224,40,32.81108108108111,1.019002316413239,10,3.131579452976685
0.3659962,40,32.35947368421057,1.360807530646006,10,1.8163748619556834
0.30827588,40,33.47052631578947,0.7636517065947729,10,1.959491664987791
0.2974806,40,33.80736842105267,0.8060838395343097,10,1.0866305717819316
0.34667906,40,33.53000000000003,0.6287163552424373,10,3.7267905030771695
0.29494336,40,33.200500000000034,0.6233689160252058,10,2.530956584106482
0.30721393,40,33.377692307692314,0.6125881261257036,10,2.775784675620983
0.35215786,40,32.89378378378382,1.2663426298266633,10,1.339239131736261
0.23505977,40,32.917027027027075,2.3710656847489133,10,0.0
0.31089875,40,32.917027027027075,2.266598676331191,10,0.0
0.38005275,40,31.78200000000004,1.8704050955981715,10,0.2675568413400313
0.38961703,30,31.962222222222238,1.9784333162378192,15,4.834122035896391
0.46047208,10,31.40055555555557,2.9856770826194565,120,107.48522124789625
0.39169404,30,30.656857142857177,2.8913970677593306,15,1.6369785347180148
0.35148883,40,30.65914285714291,2.1155816490370656,10,0.0
0.30461943,40,32.51800000000003,1.5680235107248637,10,0.0
0.3693923,40,32.435142857142864,1.2971970968210305,10,2.1606409371524844
0.35998228,40,32.50885714285721,1.2795053341194695,10,1.8930843779320945
0.36005345,40,32.58833333333337,1.4157386649644184,10,1.1345771726274716
0.3730535,40,33.09722222222223,1.1559357187004644,10,2.3147037472187044
0.32444862,40,34.49972972972978,1.0146135346136425,10,0.16066143139006783
0.2915676,30,34.1521621621622,1.060943162775977,15,4.2901500748564985
0.29431218,30,34.04567567567568,0.6013518891561415,15,6.776929882625415
0.2870308,40,34.04567567567568,0.5286558055628664,10,1.9219686917300276
0.2546846,30,34.157027027027084,0.4954296827194089,15,6.006362387068192
0.24053276,30,34.01378378378382,0.49791801129776136,15,5.712609015258417
0.15816629,30,33.29631578947374,0.4722086692775055,15,4.087629620400682
0.31016815,80,33.29631578947374,0.4668104853002242,0,0.0
0.47865117,10,32.05378378378384,0.8728197691822562,120,117.94165260285598
0.3302057,40,32.820810810810826,0.9108958613030735,10,2.5308815042005586
0.36692712,40,33.47052631578947,0.7925051663121763,10,3.5747615166171873
0.31669068,40,33.58081081081082,0.7934493614034738,10,1.9526626169048127
0.29138073,40,33.80736842105267,0.6726342875760035,10,1.570882403132368
0.28003973,40,33.90947368421058,0.6741065943224586,10,1.1211850819198466
0.31822535,40,33.377692307692314,0.6148310864792323,10,3.094912478414016
0.3357207,40,33.76315789473688,0.6099171166084922,10,3.2588772564992716
0.49250814,10,32.23432432432435,1.7092639320759182,120,113.9946005175018
0.38724482,40,31.995555555555597,1.3526462327220632,10,2.858558260418624
0.37831968,40,31.995555555555597,1.3618875938999229,10,2.544597164673652
0.36087638,30,32.194324324324384,1.7193717899138483,15,5.03510780329103
0.345187,40,31.9977777777778,1.8538673564864614,10,0.0
0.32001272,40,31.801666666666733,2.7195443926995004,10,0.0
0.15574081,60,33.43228571428574,1.741089850628535,1,0.0
0.31524974,40,32.42885714285717,1.5641220164395995,10,0.0
0.44651234,40,32.17742857142861,1.5233320119402567,10,3.6012811682852313
0.39400136,40,32.3655555555556,1.612169602012182,10,1.3936376426451904
0.26573202,40,34.28444444444449,1.1464591117483534,10,0.0
0.3024299,40,34.19594594594594,1.1656145998119025,10,0.0
0.27643248,40,34.061891891891946,1.0365095768842292,10,0.0
0.45207727,40,32.85864864864868,0.8142768810670676,10,6.632284975851959
0.36259425,40,32.3613513513514,0.6381609865397416,10,5.32567093548273
0.44312733,40,32.31864864864866,0.7277128054562105,10,7.33660757687942
0.47472268,40,32.370000000000005,0.8681554821572695,10,7.5309031750600335
0.40088022,40,33.04189189189191,0.9593702318523742,10,4.187663583096436
0.36069566,40,32.72230769230771,0.8118867178173949,10,4.039128699184826
0.4484747,40,32.560810810810835,1.011960642277949,10,5.8336275291701725
0.47381863,10,31.835263157894758,1.000711784154141,120,117.37573707619444
0.26578015,40,33.236666666666736,0.7806755438530874,10,0.8333605144456215
0.2881298,40,33.63205128205129,0.7144429973002653,10,1.439627758458669
0.31602564,40,33.25650000000002,1.0300539087560283,10,1.0739995051331865
0.3459321,40,33.85947368421057,0.5708537519949908,10,3.6642201222068596
0.28192252,40,32.95864864864865,1.3493366865202774,10,0.0
0.37992376,40,31.901111111111106,1.318809800871091,10,2.9025527361225087
0.47620702,40,31.901111111111106,1.3680974852734673,10,5.544611923690229
0.4596001,40,32.08111111111111,1.3786489276243237,10,4.813646783698143
0.42047933,40,31.9977777777778,1.8178154645105624,10,1.5275246454434264
0.38342622,30,31.248333333333335,3.04061619768668,15,0.0513725364075448
0.22788933,50,30.416857142857168,3.868616554538426,2,0.0
0.49187824,10,30.416857142857168,3.5783628208014866,120,106.44767608155996
0.4024922,40,31.801666666666733,2.420471713508857,10,0.0
0.29748362,40,32.0577777777778,2.510435525345435,10,0.0
0.29405397,40,33.171142857142854,1.7386160595646103,10,0.0
0.43839848,40,32.17742857142861,2.0100657477390973,10,0.9241967881419804
0.39775068,40,32.3655555555556,1.4778127044656049,10,2.177900824655742
0.24377143,30,33.5266666666667,1.117753027750819,15,3.197711369441574
0.3983554,40,34.150000000000034,1.3951937904600857,10,0.8246924458976377
0.28130594,40,34.19594594594594,1.1773526766877729,10,0.0
0.36143228,40,34.31756756756761,1.043578212377741,10,1.3075102042185538
0.3486919,40,34.061891891891946,1.0337665100453333,10,1.2300327166425493
0.2503129,40,33.89162162162165,0.6739809849287764,10,0.24785999633544353
0.23284025,30,34.454864864864874,0.7179776942518148,15,3.9404542201329233
0.33979264,20,33.736315789473736,0.4982347334435573,40,33.96628997344988
0.25476104,30,32.3613513513514,0.5495280984521471,15,7.533839771735806
0.38086304,40,32.31864864864866,0.7084706514927394,10,5.564889197197724
0.36023918,40,31.835263157894758,1.0904456606829707,10,3.51968372623008
0.37012985,40,32.22783783783785,1.0361602208960834,10,3.695256937178981
0.4008797,10,33.12243243243245,1.1711464026555414,120,113.0482270855124
0.29702157,40,33.62487179487181,0.7305023839714362,10,1.6332636810117425
0.30673957,40,33.61820512820515,0.7268539252828583,10,1.949712698492358
0.3551966,40,33.63205128205129,0.9772363201699382,10,2.1376652051213343
0.31889766,40,33.25650000000002,0.8035312204944363,10,2.2927735279682535
0.30154973,40,33.68736842105267,0.5845593415593042,10,2.4363265856204146
0.37392372,40,32.73918918918923,1.1845007727065728,10,2.5560186636481355
0.39370078,40,32.85111111111115,1.0882636137604795,10,3.518594469080016
0.30715233,50,32.25777777777779,1.8748678640184993,2,0.0
0.3047375,40,32.25777777777779,1.798070163899199,10,0.0
0.3430754,40,32.424054054054125,1.7590049900102758,10,0.0
0.3140255,40,31.282777777777824,2.476760733782573,10,0.0
0.35861355,40,31.786111111111097,2.3823336148961864,10,0.0
0.37971392,40,32.74200000000002,2.08205994019027,10,0.0
0.34729064,40,32.844857142857165,1.6273492430424488,10,0.0
0.39378637,40,33.12222222222226,1.5231242082184917,10,1.0757479253731628
0.36764705,60,32.35864864864868,1.6251149543722578,1,0.0
0.25248346,30,33.42714285714288,1.143851697091714,15,3.42810253615663
0.25793105,40,33.96833333333336,1.122448491767092,10,0.0
0.34245843,40,33.966111111111104,1.278630296094233,10,0.0
0.35724592,40,33.987297297297346,1.1056814673360649,10,1.2016730811223297
0.38025787,30,32.66891891891896,0.5695156928308078,15,10.891238858500536
0.3790865,40,32.519189189189206,0.711120182202896,10,5.297804601404444
0.35123146,40,32.519189189189206,0.7244010509542615,10,4.395748786174758
0.31243154,30,32.85486486486491,0.7519190613615684,15,7.75848574180414
0.32173333,30,32.688888888888926,0.8182829155202257,15,7.871695965386049
0.4541931,10,31.80631578947373,1.0824529094835613,120,116.40721243914834
0.324618,40,32.57864864864865,1.1471034690923814,10,1.4243740326219703
0.3428944,40,33.07769230769236,0.9284296053904125,10,2.566991475711392
0.28740093,40,33.26025641025643,0.7854359602004445,10,1.434591753615094
0.28722194,40,33.26025641025643,0.7353201145673856,10,1.6798013970858436
0.35253683,40,33.64736842105265,0.8751661880841424,10,2.5529053944237896
0.28181234,40,33.518421052631595,0.8692979816919058,10,0.5894593921868205
0.32053924,40,33.518421052631595,0.6561652609736468,10,2.816929929117614
0.3204535,40,32.881351351351384,1.1509379904863317,10,0.9775631803424387
0.3053561,40,32.61500000000001,1.1341936002800044,10,0.8747146192567623
0.286732,40,32.09777777777782,1.6120622201358283,10,0.0
0.32898596,40,32.44833333333332,1.7854391682395534,10,0.0
0.27604243,50,30.540810810810854,3.559800567219037,2,0.0
0.34507653,50,29.938333333333333,3.7309503937192767,2,0.0
0.3304081,50,29.952222222222247,3.509834764343297,2,0.0
0.3279594,30,30.13611111111112,2.75502182692072,15,0.9275615986780501
0.26584035,30,30.935000000000002,2.5061088707767056,15,0.0
0.43940857,40,31.663333333333355,1.957698784406512,10,1.7304294136100875
0.3377193,40,32.8111428571429,1.7609571882061885,10,0.0
0.23213708,40,33.41611111111115,1.4514667964806915,10,0.0
0.38637125,40,32.368378378378395,1.5423218127532137,10,1.5111504933918818
0.2809864,30,34.1205555555556,1.1307676861017677,15,3.655197689243809
0.2951501,40,34.1205555555556,1.0956747144400385,10,0.0
0.3740121,40,33.69864864864866,1.5487219810739767,10,0.0
0.35516715,40,33.567837837837885,1.9834008607399778,10,0.0
0.25059235,40,35.04888888888894,0.6311474211391672,10,0.0
0.2855615,40,34.508947368421104,0.5502641314971837,10,1.306577043875039
0.4440011,40,33.12263157894739,0.5977433992014408,10,7.208685001267243
0.44483986,40,33.12263157894739,0.6333888572853256,10,7.055619663438719
0.4006786,40,32.75702702702705,0.6858912939887656,10,5.833874926969818
0.44458053,40,32.49810810810811,0.7490560570086315,10,7.0940273230112645
0.41584554,40,32.87486486486489,1.0421606903331002,10,4.389698272562225
0.3077948,40,32.51432432432438,0.9486457846740434,10,1.9762907937346066
0.2639355,40,32.807894736842115,0.8924072479608703,10,0.6481346024238945
0.3409669,40,33.22105263157897,0.8237548678191263,10,2.889180740699773
0.30009905,40,33.22105263157897,0.7522029561983087,10,2.0209036940576772
0.31273645,40,33.20783783783787,1.061217433713319,10,0.8681681661623069
0.36078966,40,32.09777777777782,1.5932682757213843,10,0.7595701595817221
0.41611978,40,32.20555555555558,1.97590403370107,10,0.39851813892830457
0.38200408,40,31.59324324324325,2.8547269494760332,10,0.0
0.3705866,10,31.59324324324325,3.6537176995679523,120,101.25576611386232
0.58712023,40,29.938333333333333,3.51260217772191,10,0.11226257795523509
0.43935645,10,29.952222222222247,3.551038316149506,120,105.47327960356614
0.36857826,40,32.8111428571429,1.8150662162669144,10,0.0
0.40056884,40,33.01285714285717,1.665833201679218,10,0.6750418240028573
0.3001337,40,33.41611111111115,1.544918820632518,10,0.0
0.3484197,40,33.69864864864866,1.5197458952329694,10,0.0
0.36619174,40,33.567837837837885,1.27186022379359,10,1.0586133351084381
0.33052474,40,33.567894736842106,1.4171329481443704,10,0.0
0.25863588,40,33.988918918918955,1.072118920282997,10,0.0
0.21118385,40,33.988918918918955,1.049487179714265,10,0.0
0.15945089,30,34.44351351351355,0.997639472254944,15,0.3518159310550306
0.24826397,40,33.98736842105268,0.5365317342559957,10,0.7778918120829514
0.38041344,40,32.75702702702705,0.756647088031615,10,4.872140965330088
0.43592298,40,32.49810810810811,0.7954297905608083,10,6.602432309246639
0.29158136,30,32.78729729729736,0.8220077085756541,15,6.850105405456497
0.43244192,10,32.25216216216222,0.7396459144008956,120,117.02286602934096
0.36785108,30,31.856486486486517,0.7814332345312345,15,10.271879727586171
0.37206838,40,32.661282051282114,0.9291914817016947,10,3.8548121494548218
0.31131747,40,32.807894736842115,0.9537733403177543,10,1.76276290798826
0.27148703,40,33.57000000000005,0.7926881521729955,10,0.6111704884395612
0.2656559,40,33.57000000000005,0.7205626957056507,10,0.7968635427345077
0.23707382,40,33.90891891891897,0.6508662697167448,10,0.0
0.26669306,40,31.902432432432477,1.3060972555635388,10,0.0
0.43439412,40,31.979189189189242,1.8900241126684278,10,1.6025137685739423
0.37053293,40,32.16729729729735,1.7869605276372316,10,0.01388771159422042
0.34809098,40,32.15500000000003,2.244509003040926,10,0.0
0.23330107,50,30.10459459459463,4.054067046953639,2,0.0
0.5796742,10,30.692777777777792,2.3694113633168445,120,114.85039051573665
0.21615127,30,33.324285714285736,1.7020864026706684,15,0.0
0.30846593,40,32.98513513513518,1.4966806428175432,10,0.0
0.31252077,40,34.6647368421053,1.436509491064788,10,0.0
0.20177735,50,35.04666666666668,1.0637797231339385,2,0.0
0.17674266,30,35.12944444444446,0.817503698200085,15,1.0853168609512052
0.25434455,30,34.71628571428579,0.7023267116718878,15,4.402417544409616
0.31357062,30,33.81918918918922,0.534763991026512,15,7.9141090108153005
0.3340185,20,33.598108108108136,0.5879631850338719,40,33.48263086226495
0.3841388,50,33.034864864864915,0.8978533126228507,2,0.0
0.362373,40,33.02388888888896,0.9009535510571997,10,3.342533105322536
0.37042186,30,32.36405405405412,1.2788493264913505,15,7.35435526964973
0.3376054,80,32.39473684210532,1.080932881151346,0,0.0
0.4556962,10,32.18282051282051,1.0396623364863573,120,116.2897536926717
0.38077748,40,32.431025641025656,0.8719747654727019,10,4.632424625874387
0.2848364,40,33.44794871794875,0.8414073934127975,10,0.8901065762183622
0.2743078,40,34.24631578947373,0.6334394128092375,10,0.8157206438877127
0.28092486,40,34.24631578947373,0.6196166885848527,10,1.083346428927832
0.40297174,40,33.831081081081095,0.9916832681135308,10,3.299655141777224
0.28844967,40,33.50729729729733,0.6328146607933385,10,1.9821194136233369
0.29177213,40,33.50729729729733,0.6034506647014191,10,2.2286135771186473
0.2888179,40,33.001891891891944,1.184452052963675,10,0.0
0.40779597,40,31.979189189189242,1.1239596362780513,10,4.634891157049696
0.36309555,40,31.979189189189242,1.4556076396831825,10,1.6356395738088567
0.4136354,50,32.15500000000003,2.107190981309005,2,0.0
0.3952408,40,32.15500000000003,2.4106538920561658,10,0.0
0.31102997,50,31.085675675675702,3.945467978583517,2,0.0
0.29652727,50,30.32222222222225,4.430817525452053,2,0.0
0.30730313,10,30.2811111111111,3.728529191985552,120,100.29533678818248
0.36869872,50,30.2811111111111,3.6480220339389886,2,0.0
0.43140596,10,30.067777777777792,2.6606916784234405,120,109.57094279704775
0.45282358,10,30.341666666666697,2.6153967445135438,120,110.1660567129249
0.4744061,30,31.407777777777824,3.1778694363139053,15,1.9350575803750942
0.38038588,40,32.29444444444448,1.3334770889581353,10,2.4497460704870537
0.32731277,40,32.254864864864885,1.485105888136953,10,0.13898885383601556
0.39572105,40,32.00675675675677,1.478362346662816,10,2.4730630821673625
0.41329086,40,32.83594594594598,1.7098462486761308,10,1.0135489932456423
0.27305722,30,33.37944444444446,1.6720021085738175,15,1.4522614017195714
0.28210077,40,33.917027027027075,1.541145609874792,10,0.0
0.21279088,30,35.04666666666668,0.6420585475779792,15,3.126766980483046
0.35000917,10,33.609459459459515,0.620921373783504,120,113.78620913485737
0.36167696,40,33.024594594594646,0.6258966136683322,10,4.696230867162906
0.26477975,40,33.215945945945975,0.6256807296536986,10,1.5990429437839486
0.45958987,30,32.64055555555558,0.7958736208112569,15,12.167772259329105
0.39944994,40,32.39473684210532,1.1336495325873874,10,3.9205136101573403
0.37943694,10,32.39473684210532,1.2016664988518497,120,112.98003928566699
0.35005593,40,32.431025641025656,0.8545961142600057,10,3.7976717574234122
0.25286767,40,33.44794871794875,0.7420156905466626,10,0.42800311717132544
0.3434089,40,34.24631578947373,0.6475057401781006,10,2.818422620566392
0.3059677,40,33.97052631578947,0.5768347315426077,10,2.3243310619355775
0.3424353,40,33.97052631578947,0.5722944518948915,10,3.4410605278172386
0.3985783,40,33.02675675675681,1.1562843184711697,10,3.149170581344122
0.47447827,10,31.59702702702708,1.0933587481088687,120,117.17052705538774
0.36309263,30,31.736486486486513,1.9515915701386013,15,4.398334973235617
0.2260967,50,31.773783783783813,3.9519807105422675,2,0.0
0.15610789,50,31.775945945945978,4.821454942303824,2,0.0
0.5788712,10,30.57555555555558,3.5607353532497,120,108.98690333375266
0.29739606,30,30.444444444444457,2.916138153121449,15,0.0
0.47799844,30,30.444444444444457,2.925545916054411,15,4.267778864416245
0.36323905,40,31.93171428571435,2.6328034413936208,10,0.0
0.2994598,30,32.738,2.3316194405566772,15,0.0
0.42776603,40,32.14611111111111,1.522771757969455,10,3.073010663055281
0.2921062,40,32.55108108108112,1.234460470477806,10,0.039802827279627806
0.3581142,40,32.386756756756824,1.2647165946719767,10,2.033086694606709
0.39111388,40,33.05756756756762,1.5385752162271038,10,0.9829726605388602
0.34548494,40,33.72777777777782,1.5057310245921591,10,0.0
0.23072867,30,35.03594594594597,0.9019570503215154,15,2.376129025140888
0.23609069,30,34.84891891891897,0.5577865352842846,15,4.44486915165311
0.32072082,40,34.584210526315815,0.5943565216593104,10,2.0656317362726337
0.44576263,10,32.97810810810813,0.6202635541178547,120,117.2934531156526
0.25928992,40,33.39756756756759,0.6441105610498796,10,1.1605773423958352
0.38148484,40,33.424054054054125,0.6409859357739157,10,4.815561076484556
0.27290756,40,33.19648648648655,0.7072675529640217,10,1.4544028145486037
0.35813347,40,32.82111111111112,0.7656793358651865,10,4.0944960544465525
0.362057,40,32.34837837837841,0.8640001499264538,10,4.193330506908007
0.4890878,40,32.51564102564106,0.8685075173402103,10,7.814454882547978
0.3168445,40,34.10368421052635,0.6868815921638254,10,1.9672422685504385
0.3596302,40,33.41162162162169,0.6261641087458649,10,4.246463435492743
0.2709163,40,33.02675675675681,1.1941176492164691,10,0.0
0.32741195,40,32.17277777777781,1.1609702718234278,10,1.8447289437524628
0.42742682,30,31.562972972973,1.612632572136819,15,8.196668490012378
0.22591841,50,31.81222222222226,3.70803326023904,2,0.0
0.47383648,10,31.622432432432447,3.0153739600338727,120,107.51579238374927
0.45039165,10,30.57555555555558,3.555860843289552,120,105.156889591445
0.30763572,30,31.93171428571435,2.7014790775904123,15,0.0
0.40605298,40,33.167777777777815,1.746954958347111,10,0.2790365857486474
0.32183307,40,32.386756756756824,1.4584799355890576,10,0.0
0.37344423,40,32.59432432432436,1.7002441646903457,10,0.10778185801228446
0.36693612,40,32.59432432432436,2.691099536416937,10,0.0
0.33828998,40,33.72777777777782,2.090128446797468,10,0.0
0.22307093,30,34.93540540540545,0.9287296408081467,15,2.1130744916648503
0.278441,30,34.84891891891897,0.5974656664081778,15,5.51698273438608
0.37899652,30,33.1235135135135,0.553593150353085,15,10.478415989292293
0.39166793,40,33.067837837837885,1.0114939210364176,10,3.6247309176048867
0.3117367,40,33.19648648648655,0.7095714008414089,10,2.6077576845074346
0.27416942,40,33.139729729729765,0.6997669077018461,10,1.5865179223003327
0.33548862,40,33.293888888888944,0.697243512591219,10,3.284552106166637
0.32434797,40,33.01777777777778,0.6829592123252256,10,3.2978656483331497
0.35471764,40,32.82111111111112,0.6794839234466127,10,4.42299869772391
0.47496447,40,32.468888888888955,0.8739921247824338,10,7.410084286853126
0.49516383,40,32.34837837837841,0.8425038469885141,10,8.294016917477718
0.33446172,40,32.60891891891896,0.8297328368904318,10,3.2762688641862177
0.38780132,40,32.41410256410262,0.793331601449993,10,5.253279399101604
0.2727587,40,32.50025641025644,0.8278187855984843,10,1.5434102257578939
0.34685057,40,32.61512820512826,0.8491732043630004,10,3.5445233978339656
0.31074917,40,32.51564102564106,0.8897952988424017,10,2.35785725143716
0.33942425,40,32.51564102564106,0.8771553078998104,10,3.281310075334864
0.31237662,10,32.96315789473687,0.832209980442365,120,112.2470903761463
0.3351135,40,34.190000000000055,0.6174709227430379,10,2.7760498340326145
0.34260756,40,33.066756756756774,1.038850295431176,10,2.017218419944051
0.34284765,40,33.066756756756774,1.050704706195619,10,1.9651494056506156
0.41269997,40,31.998108108108113,1.6213073839011316,10,2.276354100319473
0.43352598,40,31.747297297297337,1.5996593464610689,10,3.2601855537964513
0.4568772,40,31.60621621621624,1.5292971463386955,10,4.453613798566067
0.4074074,40,31.56888888888892,1.5011449503302057,10,3.147608831974731
0.37273595,40,31.685555555555595,1.9140256593939493,10,0.0
0.2669892,30,31.685555555555595,1.99486630365443,15,1.3497894064675737
0.41145682,40,31.633333333333326,2.8891495664526943,10,0.0
0.18590456,50,31.197027027027048,3.70021122375308,2,0.0
0.25779375,30,32.45702702702704,3.0399602044463734,15,0.0
0.39401418,40,32.61108108108107,1.7579224857960847,10,0.4197318626945581
0.27379286,40,32.63486486486488,1.3090898792903332,10,0.0
0.33534846,40,32.63486486486488,1.4085778258102903,10,0.38269942978251326
0.31097856,40,32.05378378378384,1.3642832276372303,10,0.45415701376509077
0.3979975,40,32.0856756756757,1.422804916372975,10,2.7402248893000873
0.2607958,30,34.009444444444455,0.6273258125425205,15,5.677800614308788
0.36488754,40,32.86027027027029,0.7079181482928374,10,4.546765394618889
0.42812982,40,33.04405405405407,1.0244301900421757,10,4.677689671011224
0.350139,30,33.13263157894738,0.896449353178651,15,7.8892910916917165
0.34909502,40,33.05736842105267,0.7163286831710961,10,3.8338382406135
0.30616912,40,33.07054054054055,0.7609899670354578,10,2.3095833026681842
0.40736538,40,32.99432432432434,0.834448929395381,10,5.054392469528173
0.3457792,40,32.73555555555555,0.6434814805733688,10,4.4204136979408615
0.48226058,10,32.299444444444475,0.9813442237316897,120,117.2616517414543
0.4430658,40,32.34027027027031,0.9788315016124016,10,6.057545998058146
0.41314334,40,32.62435897435904,0.7724785977639391,10,5.90754819051913
0.34562534,40,32.73700000000002,0.866119232516237,10,3.3011636520264664
0.27772263,40,34.135945945945934,0.6328563821612724,10,1.0314507785242997
0.37156853,40,33.42621621621623,0.6479370610264288,10,4.481154528054927
0.35699934,40,32.66135135135141,1.1871317572578772,10,2.1129698026816985
0.3315407,40,33.066756756756774,1.1303199210227717,10,1.22786441881194
0.30422285,40,32.95111111111112,1.3053267578217633,10,0.0
0.34639242,40,32.14833333333337,1.241146902746002,10,2.037704736994699
0.34468564,40,32.00055555555559,1.4710620734305997,10,0.9847032919087901
0.41813684,40,31.998108108108113,1.5021911054156738,10,3.035040988582491
0.39331618,40,31.747297297297337,1.6260642343149159,10,1.921867163358911
0.39558324,40,31.747297297297337,1.6172601744065473,10,2.033899169519568
0.29765564,40,31.60621621621624,1.4010983936884944,10,0.31796105799345575
0.32360932,40,31.704444444444505,1.7630050458279882,10,0.0
0.41074225,40,32.03108108108108,3.3912545066069986,10,0.0
0.40023544,40,32.03108108108108,3.4358544771240105,10,0.0
0.34050977,40,32.04297297297302,3.7083967611930935,10,0.0
0.49458987,10,32.10783783783785,3.4134267305963335,120,105.6627244412416
0.5136909,10,31.801891891891955,3.1272915747974195,120,107.97237714295474
0.17363343,50,31.33000000000004,3.5613672675423613,2,0.0
0.3520164,40,32.36111111111114,1.626900535299612,10,0.06487765737489148
0.30010456,40,32.61108108108107,1.5053731301661353,10,0.0
0.3219858,40,32.63486486486488,1.3728612651356191,10,0.1604027963517698
0.32533127,40,32.277222222222235,1.4241353275850086,10,0.36203890201095223
0.34403276,40,32.04263157894741,1.3863368583285962,10,1.3466669008226155
0.38133007,40,32.493243243243285,2.8949712257536846,10,0.0
0.1495132,40,34.754736842105274,0.6478278293823776,10,0.0
-0.061591707,40,33.745789473684226,0.663468150310931,10,0.0
0.2159303,80,33.745789473684226,0.6562103487570639,0,0.0
0.23844607,30,34.15594594594597,0.5962526409945751,15,5.016172836785597
0.33081156,40,34.15594594594597,0.7734543144936722,10,1.90112885518591
0.40785408,40,33.99864864864867,0.9442743797480774,10,3.515601508016033
0.4449451,10,33.2040540540541,0.5076564350156699,120,117.60601651230225
0.41750315,40,33.04405405405407,0.8995841484064858,10,4.983119497694281
0.40275413,40,33.13263157894738,0.8287390825099397,10,4.8062969150699875
0.3922724,40,32.99432432432434,0.728707055737874,10,5.13031301372078
0.3033667,40,32.99432432432434,0.5897468016522567,10,3.157942008527584
0.3921219,40,32.98166666666668,0.6051075718359867,10,5.756452379999832
0.36338395,40,32.98166666666668,0.6391487158506852,10,4.724108290194506
0.37503767,40,32.74675675675678,0.8186587326027457,10,4.411079296703111
0.33896586,40,32.62435897435904,0.7767344949637116,10,3.6609443938698143
0.35127202,40,32.64700000000005,0.7924536263562998,10,3.928892218760254
0.33193713,40,32.64700000000005,0.8595231976119161,10,3.0134984860936056
0.33963585,40,32.73700000000002,0.8616812394890241,10,3.143669498573682
0.37515596,40,33.07315789473688,0.856307858038588,10,3.8999811050850663
0.3029796,40,33.494102564102604,0.7401456826157784,10,1.894556909102242
0.27469134,40,34.135945945945934,0.640212081292019,10,0.9037337140804373
0.34669873,40,31.63486486486488,2.9327580799756103,10,0.0
0.3484175,40,32.06729729729733,2.510485646975613,10,0.0
0.4165011,10,32.00351351351355,3.4861319274402276,120,103.06085988010076
0.53139156,40,31.596486486486526,3.000831706591398,10,0.0
0.4539246,40,31.473243243243246,3.429587314817534,10,0.0
0.3819436,30,32.89833333333337,2.1920720278133543,15,2.599615317752736
0.3028075,40,33.311666666666724,1.9837088664402884,10,0.0
0.20918985,30,33.49722222222226,2.38055538915566,15,0.0
0.34651408,40,32.17736842105268,1.4277607555138874,10,1.079249718209872
0.39085594,40,31.88157894736844,1.5239072751005616,10,2.224563109608553
0.36579233,40,31.912105263157912,1.4887571630560514,10,1.6178791835668633
0.40414804,40,32.334210526315815,1.4803130174515355,10,2.38866588421911
0.23811522,30,34.1721052631579,0.6018230399331356,15,4.9622361315027295
0.2823891,30,34.1721052631579,0.6267512760685097,15,6.165811883241277
0.34619093,30,33.29378378378385,0.8985290958989816,15,7.599298623842191
0.3607683,40,33.02405405405409,0.6515181264888519,10,4.541404305343097
0.33322072,40,33.10783783783785,0.6819653517732466,10,3.4789570349501826
0.37275344,40,33.01000000000005,0.7159981815436262,10,4.592611974636824
0.347998,40,33.20611111111111,0.6019900743414366,10,4.2238784660046145
0.37089503,40,32.601052631578966,0.878469833505756,10,4.13344934994882
0.31151965,40,32.580526315789484,1.1149128233241872,10,1.1904990160895306
0.421036,40,32.79421052631585,0.8832286202189913,10,5.420726405779341
0.33862343,40,32.79421052631585,0.8767376995624452,10,2.9808043810506852
0.38255462,40,33.36578947368423,0.8250519664241186,10,3.9855890187942276
0.3349673,40,33.36578947368423,0.8026833135718875,10,2.6698129361080944
0.3327094,40,33.75378378378383,0.7749496653401234,10,2.352749743624466
0.2968952,40,33.75378378378383,0.704974524893218,10,1.6281997910368222
0.3111742,40,33.72405405405408,0.6719541091952818,10,2.251401938182711
0.45974115,10,32.175945945945955,1.147153967101563,120,115.88051839136595
0.59956944,10,32.175945945945955,1.2060412336423918,120,119.78093119367851
0.38363394,40,31.644054054054095,1.2895978598596893,10,3.416975116176909
0.47311178,40,31.289444444444484,1.7682250549335332,10,4.06278360668747
0.47381058,40,31.37918918918922,2.2570651086755977,10,1.5498029239602875
0.43763706,40,31.37918918918922,2.264525273430962,10,0.42729662970072013
0.47455844,40,31.63486486486488,1.8919321529036925,10,3.142227350521919
0.39989623,40,32.06729729729733,2.6055551467827067,10,0.0
0.40982568,10,32.00351351351355,2.9567317662561594,120,105.50759804176587
0.5863454,10,32.00351351351355,2.5931369174763104,120,112.62116382143208
0.35064125,40,31.492162162162174,2.5223362082662133,10,0.0
0.44923592,40,31.685555555555595,2.90928922896268,10,0.0
0.38805503,40,31.685555555555595,3.189650873447445,10,0.0
0.24635959,50,31.473243243243246,3.4865475412353155,2,0.0
0.31038922,30,33.311666666666724,2.0952969121301996,15,0.5235253685036447
0.3193149,40,33.04459459459463,1.3932589350917965,10,0.0
0.4540475,40,32.66789473684213,1.5575587900657986,10,3.1657360261640513
0.37518734,40,32.65648648648653,1.3362472692613911,10,1.9178973926157967
0.33644187,40,32.65648648648653,1.2645868795707862,10,1.1138353727176167
0.39899063,50,32.521891891891926,2.138880323983591,2,0.0
0.33387098,40,32.823888888888916,1.177047276946932,10,1.307004031925822
0.21722816,30,35.29111111111115,0.7447145353089881,15,2.5021610360067816
0.41106096,40,33.210000000000036,1.0593457567720912,10,3.825099669113552
0.3792165,40,33.1835135135135,0.9458364048044554,10,3.463799199444166
0.41568246,10,33.139729729729765,0.4822161525426018,120,116.91966308368715
0.37838688,10,33.04243243243246,0.5219353798202306,120,115.69949734485323
0.36213407,40,33.10783783783785,0.698833004322433,10,4.262018978019508
0.29629895,30,33.01000000000005,0.637555750587915,15,7.6911895020726995
0.2890572,30,33.20611111111111,0.5082056580338677,15,7.924576796444752
0.37183666,40,32.84944444444449,0.682242758537079,10,4.8944420306121295
0.48644125,40,32.69702702702705,0.7581370454061479,10,8.10552496354476
0.4147004,40,32.528947368421086,0.8527812424624598,10,5.648158461812856
0.40286165,40,32.601052631578966,1.040259708811788,10,4.283498702860772
0.2820334,40,33.19368421052633,0.8529415869697846,10,1.0026105512575523
0.2851556,40,33.75378378378383,0.7519735763214704,10,1.0410162760033934
0.5343879,10,31.310000000000002,1.167045026943909,120,118.88641226407886
0.3730804,40,31.22243243243247,1.3126402074397594,10,3.406778909262866
0.3719275,40,31.139444444444507,1.6386145423203016,10,1.825307760001314
0.4238009,50,31.44837837837838,2.691120487711773,2,0.0
0.4087558,40,31.528918918918976,2.656597078204688,10,0.0
0.30171606,30,33.332285714285774,2.2756455068022268,15,0.0
0.37199238,40,32.52729729729731,1.5630197440295945,10,0.8173750251897864
0.37848875,40,32.766111111111115,1.4519184719587077,10,1.3289591482726184
0.306782,50,33.94243243243244,2.257376563670399,2,0.0
0.23173212,30,35.022105263157925,0.7530374279598089,15,3.1646709247505616
0.4439969,40,34.40783783783786,0.6152707702304505,10,5.835715062353393
0.40881085,40,32.841578947368475,0.9880121290322372,10,4.482685933110975
0.449689,40,32.446842105263215,1.101508928206078,10,5.536283057631812
0.4273915,40,32.86405405405412,1.013412810956274,10,4.89062645852033
0.33559635,30,33.134444444444455,0.5760404102763285,15,9.0532444925097
0.4316156,30,32.945555555555586,0.6430595758691415,15,11.787614642605618
0.45318964,30,32.75105263157894,0.6132238637966231,15,12.77851701230972
0.27738085,30,33.22945945945952,0.5157125333394803,15,7.513403148780412
0.32376397,40,33.38621621621621,0.49075226962389223,10,3.872940986374391
0.39209434,40,33.29702702702707,0.6788323034925086,10,5.071642153708424
0.43278578,40,32.723513513513524,0.9654920268003759,10,5.432599508094983
0.34345603,40,32.92487179487182,0.8986247116267252,10,2.885685341993166
0.32000664,40,33.205789473684206,1.006105593929957,10,1.3638814291899628
0.25644678,40,33.47315789473686,0.7816344610314355,10,0.31207283375229844
0.30449247,40,33.589459459459476,0.7583857888037093,10,1.7533862035645926
0.41961932,40,33.40621621621625,0.8431610296732801,10,4.966558564600837
0.4308831,40,32.36055555555555,1.8571364400332078,10,1.280255525772855
0.31707317,30,31.353333333333353,1.3287180384206336,15,6.515271824924149
0.3897022,40,31.432857142857188,1.4509353001440368,10,3.0035324090478808
0.43074968,30,31.062777777777796,1.4129930029718751,15,9.79474797342359
0.5415508,10,31.288333333333355,1.5798978211075936,120,117.05870283893209
0.32358232,10,32.04783783783785,1.8959380895562323,120,108.1799413397878
0.2821615,30,32.42500000000001,2.307052219954513,15,0.0
0.36067352,40,32.11756756756762,2.2332007637700175,10,0.0
0.4748503,40,31.44837837837838,2.320348875410428,10,1.1953858326909206
0.4108777,40,31.359189189189237,2.565612161487002,10,0.0
0.329166,40,31.616486486486508,1.9582464276111087,10,0.0
0.39889345,40,32.52729729729731,1.4400778177494846,10,2.2391168697219808
0.40752295,40,31.995789473684226,1.3827519293502144,10,3.316139391874745
0.33768925,40,31.959473684210536,1.3607074340499556,10,1.3676662742542804
0.3941857,40,32.50081081081083,1.2393033000706417,10,3.1282433045478264
0.4381665,40,32.653157894736864,1.1589965556739068,10,4.696853961953646
0.38419786,40,33.12783783783789,1.5665420505618814,10,0.5653881215683487
0.26578498,30,34.883684210526326,1.0172847958014712,15,3.0034412792989515
0.46711054,30,35.022105263157925,0.4877782091807824,15,11.552320412838
0.35070238,40,33.48368421052635,0.7283840730921903,10,3.3954662644869305
0.39832252,40,32.841578947368475,0.8004036619442474,10,5.106078321354904
0.32741034,40,32.604871794871826,1.1712532004616392,10,1.3611721093118803
0.33323434,40,32.82263157894738,0.9169678497613155,10,2.58955956163015
0.34577456,40,32.92487179487182,0.923539737174414,10,2.830666184124433
0.38288143,40,32.86076923076922,0.9232413130037903,10,4.009466897806317
0.29957804,40,32.86076923076922,0.897620533130722,10,1.6384695043208986
0.35128158,40,32.85205128205132,0.9798620576954844,10,2.7870861043721584
0.39006454,40,33.42243243243246,0.7037895025720664,10,4.760555897412847
0.5829589,10,30.78837837837841,1.3332908214948649,120,120.03393404990408
0.5410478,30,30.78837837837841,1.2599086673309563,15,14.14351299905518
0.5025745,30,31.259189189189215,1.3539883156059291,15,12.04810428314876
0.38140556,40,32.019189189189206,1.7942160548840265,10,0.45189783279318974
0.26517782,30,32.70777777777778,2.142889090354108,15,0.0
0.3304802,10,32.70777777777778,2.2455323182489537,120,105.97896606007082
0.42617607,40,32.73648648648651,2.3000674687334084,10,0.0
0.43320322,30,32.47108108108108,2.0922758699883417,15,5.063636502661858
0.3777523,40,31.79315789473685,2.363462260755844,10,0.0
0.21548305,30,33.39742857142858,1.875008419628768,15,0.0
0.37574428,40,33.05432432432434,1.617209075950599,10,0.13195874683375308
0.42161727,40,33.22666666666669,1.4098645904741989,10,2.3725287294936823
0.35318276,40,32.58526315789476,1.3788211708769038,10,1.1161134318243464
0.43801734,40,32.89947368421059,1.1813888880164685,10,4.3341022793091915
0.22336327,30,34.73105263157896,0.8821796458659705,15,2.5589472712167165
0.22948341,30,34.73105263157896,0.5843594988844937,15,4.231652151611934
0.35538188,30,32.753243243243276,0.7094087964261325,15,9.36116902164105
0.354552,30,32.639729729729765,0.5276810135269977,15,10.358424858456239
0.42181605,40,33.23166666666668,0.47073398130822164,10,7.069145027686598
0.43118677,40,33.16513513513519,0.7167792917958492,10,6.186571316625291
0.43313313,40,32.9489473684211,0.9451252849608492,10,5.319419550058897
0.45635292,40,32.9489473684211,1.0060091732805896,10,5.71159431647565
0.3099564,40,33.10263157894741,0.9153167469626207,10,1.6194771337197293
0.32582036,40,33.29578947368424,0.8112399534499115,10,2.4226214378348363
0.32711497,40,32.92944444444447,2.582917554068561,10,0.0
0.36789376,40,32.3845945945946,2.6759492744738775,10,0.0
0.4826484,30,31.474864864864912,1.3152633662364672,15,11.428270097820707
0.57389504,10,31.32621621621621,1.2132216931032442,120,119.82452585596742
0.55645293,20,30.741891891891953,1.2037639755311438,40,39.93287551044929
0.48574173,40,30.741891891891953,1.2440223295480834,10,7.610248507325721
0.43460858,30,31.562432432432445,1.0894598032629652,15,11.028525501179086
0.41004863,40,32.61444444444447,1.7731444908897578,10,0.8212916880893282
0.32997537,20,32.75702702702705,2.249877755141499,40,25.892844936934928
0.35512632,50,32.63000000000005,2.2788443473334508,2,0.0
0.4519783,40,32.63000000000005,2.2463177319208274,10,0.0
0.31993568,40,32.36200000000002,2.518512039087595,10,0.0
0.23360918,50,32.610000000000014,1.8560352632852026,2,0.0
0.2082764,30,33.20722222222224,2.1710789961823433,15,0.0
0.29962194,30,33.26621621621621,1.890684238803347,15,1.269020665058111
0.30644998,40,33.26621621621621,1.7257794799868447,10,0.0
0.26910266,40,32.986216216216235,1.5705913892117642,10,0.0
0.3073364,40,32.96243243243248,1.3485955262789002,10,0.0
0.24416363,40,33.05864864864867,1.4486948857173978,10,0.0
0.46015936,40,32.883684210526326,2.8275789564785683,10,0.0
0.416414,40,32.40105263157898,1.437041909538781,10,2.9061573319635734
0.34269753,40,32.14263157894737,1.394316236896232,10,1.1667130151595222
0.32435724,40,32.137894736842156,1.3019988468682733,10,1.0828285191465206
0.21392246,30,34.200000000000045,0.7460916735866483,15,3.487215394120561
0.31310615,30,34.85486486486491,0.5577265126070234,15,6.749687128116063
0.30470026,30,34.40783783783786,0.5836087769587556,15,6.8151259243440565
0.3849789,40,33.1235135135135,0.7004435240458682,10,4.923635559346875
0.4405802,40,32.13473684210527,1.1741818844355807,10,5.211759785210002
0.43174958,40,32.13473684210527,1.1425985982408793,10,5.104757248108426
0.41354135,40,32.114210526315844,1.0297730406098582,10,5.143164538576829
0.39921996,40,32.225263157894744,1.0744386263301797,10,4.379142517868634
0.45252323,40,32.49000000000001,1.1630389107258077,10,5.270502466563388
0.3361157,30,32.69722222222225,0.5025632223354376,15,9.873432494217008
0.41208324,30,33.10500000000002,0.4622496426380343,15,11.946249299080005
0.44478905,40,33.090526315789475,0.9368914436642142,10,5.568688250246908
0.30347463,40,32.736153846153854,1.0005856085022589,10,1.3651573872191616
0.42148,40,31.474864864864912,1.1995683492700224,10,5.171693104633281
0.45961228,30,31.32621621621621,1.203342012118491,15,11.445442173517556
0.503829,20,31.562432432432445,1.0623829059408028,40,38.24052347591549
0.43214366,30,31.65944444444449,1.0976636083877231,15,10.816547004710817
0.39210036,10,32.61444444444447,1.3193461830062978,120,112.55183585625596
0.46769392,20,32.83486486486487,1.6064188906237087,40,33.16385840302807
0.32992852,30,32.75702702702705,1.7295880038856961,15,3.492888206087196
0.37320572,30,32.63000000000005,1.7500816561149615,15,4.815763725169573
0.3960518,40,32.63000000000005,2.2970951975411884,10,0.0
0.40975732,40,31.998947368421113,2.4976700482867016,10,0.0
0.35427174,40,31.870000000000005,2.065047635023154,10,0.0
0.2725023,40,33.03666666666669,2.3757352401814527,10,0.0
0.30353856,40,33.20722222222224,2.4644219557162668,10,0.0
0.18150793,50,33.39388888888891,2.4105573322309874,2,0.0
0.44396624,40,32.986216216216235,1.286341669740232,10,3.9010628846574757
0.40107402,40,32.14263157894737,1.3387803046045814,10,3.1956871560507683
0.286069,30,33.62081081081084,0.6575711170714076,15,6.673403455893029
0.33591253,30,33.1235135135135,0.6802936782742011,15,8.552393846502468
0.35647207,40,32.225263157894744,2.463977819219348,10,0.0
0.38799295,40,32.90459459459464,1.1803618629546142,10,2.8333845295567714
0.3275836,40,32.67611111111114,0.7427033512911893,10,3.437880298165541
0.48472905,40,32.711621621621646,1.9607554083601073,10,2.026473219430521
0.32822555,40,32.9736842105263,0.9536753219874213,10,2.1047061059460717
0.35311973,40,32.646315789473704,0.9329798005949866,10,3.2823771151502905
0.32209224,40,32.526315789473756,1.5825191939561132,10,0.0
0.390548,30,32.22833333333335,1.436844672907758,15,7.303883367673093
0.29714122,30,31.92277777777781,1.235678835235429,15,5.8130648061341335
0.34370077,40,32.30333333333334,1.094709160198894,10,2.5341438161458054
0.43729314,40,32.686666666666724,1.2752622120162271,10,4.055816150568287
0.35230556,30,33.06888888888892,1.331240845778807,15,5.844073517138833
0.28456286,30,32.5921621621622,1.655708567500973,15,2.666180709435025
0.2256815,30,33.04567567567568,1.6361954922224007,15,0.5437917315791019
0.41273668,40,32.16210526315791,2.1212107345607816,10,0.0
0.3698255,40,32.293888888888944,2.332846330520836,10,0.0
0.37190083,40,32.73702702702707,1.2456221008856123,10,2.19188716422744
0.3752743,40,32.72052631578947,1.4084207771586972,10,1.4955990248271132
0.38754195,40,32.73105263157896,1.4397842294707281,10,1.696284279474142
0.41882187,40,32.87500000000006,0.8777342649184235,10,5.300984406135284
0.40310076,40,32.87500000000006,0.8401625842949033,10,5.017210016862136
0.35662448,40,31.88105263157894,0.9192709058815629,10,4.221327291537404
0.5259267,40,31.565263157894776,1.7209356389806096,10,5.607859196394312
0.24026246,30,31.473243243243246,2.685816168796965,15,0.0
0.41056815,40,32.57555555555558,0.7859559545373227,10,5.811708665976555
0.45000374,40,32.717027027027086,0.715348917738219,10,7.206340486709704
0.3330695,30,33.020810810810815,0.464223762495589,15,9.650155328145544
0.43657044,10,33.13722222222225,0.4650597550066749,120,117.6345916843368
0.34133446,40,33.26243243243249,1.154024064403376,10,1.2074813459825862
0.3214525,40,32.68794871794876,1.674424917544278,10,0.0
0.35015267,40,32.68794871794876,1.125186535853304,10,2.1906987882487448
0.27756083,40,33.35000000000002,0.9029485257310299,10,0.46208213355627237
0.3542571,10,33.35000000000002,0.9491804701628388,120,112.53181117175308
0.3087558,40,32.174324324324346,1.418589754645545,10,0.0
0.40558863,20,31.202105263157932,0.9908101434665098,40,36.011502522405735
0.41696456,30,31.887777777777785,1.1686397005510598,15,9.777960905380866
0.3735641,30,32.30333333333334,1.183527678649164,15,7.985950674202645
0.30824944,30,32.30333333333334,1.1779513039605345,15,6.054393266442057
0.39506376,40,32.408378378378416,1.7503867649253175,10,0.6916002686054732
0.42920154,30,32.5921621621622,1.6721485671322418,15,6.923140914223207
0.32219356,30,33.04567567567568,1.5198859824241755,15,4.020701659376529
0.33562765,40,32.293888888888944,1.6540947685852165,10,0.0
0.4056368,40,32.72052631578947,1.1972139986975212,10,3.4625077356758407
0.4413913,40,32.73105263157896,1.4226212902320625,10,3.3975798821996683
0.38568428,40,32.73105263157896,1.497510390424911,10,1.3519234276029692
0.22220486,30,35.180270270270285,0.5942288408242458,15,3.514731331247292
0.39386857,40,32.457567567567594,1.23129481919042,10,3.202015629566395
0.40526497,40,32.418648648648684,1.1900779792729972,10,3.7889105299144417
0.4233977,40,32.418648648648684,1.1127210051686034,10,4.71967677440346
0.43208927,40,32.717027027027086,0.8424832613581303,10,6.033234639889389
0.34057757,30,32.90621621621625,0.4599557338683228,15,10.011332272451561
0.42783588,10,32.77105263157898,0.791644505720848,120,116.10580089376288
0.20984952,50,32.93810810810811,2.814110697546392,2,0.0
0.15345702,30,32.337179487179526,2.1643040943622784,15,0.0
0.41728002,10,32.80421052631584,0.9303191266897843,120,115.06259403249598
0.56887484,40,32.41717948717951,0.8619245499505953,10,10.33944357694245
0.35202014,40,32.32277777777779,1.347722741649671,10,1.4992126203997707
0.27954084,30,32.34459459459464,1.1594990430643273,15,5.244135601281811
0.293943,40,32.54666666666668,1.3827484001902761,10,0.0
0.31234866,30,32.98388888888894,1.7394622718686132,15,2.6892599487086724
0.46007863,30,32.877777777777794,1.3814177374031493,15,9.017492112127965
0.44335866,40,32.30666666666673,1.4349535681485555,10,3.8193254329610404
0.3146737,40,32.896315789473704,1.5414668916068701,10,0.0
0.35712683,40,32.09888888888895,1.9292031776912528,10,0.0
0.39269647,40,31.874444444444464,2.1315713174505193,10,0.0
0.41006246,40,31.92473684210529,1.5970672751447499,10,2.3918009915727065
0.34591615,40,32.00351351351355,1.343554216444033,10,1.6561998623331906
0.39413753,40,32.7505263157895,1.1518465552563257,10,3.314366772776836
0.44112352,40,32.7505263157895,1.1245709511367799,10,4.860324291849846
0.40290344,40,32.90263157894742,1.1415249916413606,10,3.476846830243997
0.3814433,40,32.55631578947373,1.450085044967366,10,1.6365576022576125
0.39496067,40,32.32684210526321,1.4542177350406078,10,2.2508893696918264
0.24016209,40,34.39648648648654,1.0912082756485497,10,0.0
0.29439998,40,35.17162162162168,0.7162978161244905,10,0.07888851181310619
0.3520765,30,34.961351351351425,0.5845930932542006,15,7.67797776922818
0.44219553,40,33.5627777777778,1.0121247751260927,10,4.642464690534522
0.46401983,40,32.34567567567569,0.8316903518447505,10,7.416467864634689
0.46733826,40,32.34567567567569,0.8574782781525893,10,7.387080860597133
0.35994378,40,32.03756756756758,1.1876871209879354,10,2.8223098140254805
0.31377456,40,32.28666666666669,0.8297016913914751,10,2.9780614180215084
0.3961858,40,32.7121621621622,0.7105051751690816,10,5.620885896410417
0.47500432,30,32.53000000000003,0.4300458476683224,15,14.569900356449683
0.4052277,40,32.985000000000014,0.7802573672346674,10,5.270543981946961
0.35036838,40,32.41631578947374,1.04873617024517,10,2.851055014750713
0.37162492,40,32.41631578947374,1.0052472452904013,10,3.706195615945383
0.41473228,40,32.51432432432438,0.8367229445323907,10,5.744029669891329
0.3818672,40,32.37578947368422,1.0311986973121055,10,3.9242327495065457
0.4668102,40,32.67157894736846,0.8810140891600194,10,6.92765670555268
0.34304982,40,32.097894736842136,1.3275421118134456,10,1.555889234101011
0.37005275,40,32.32277777777779,1.2943286613615879,10,2.307162004070653
0.31977403,40,32.06621621621622,1.3131745215804296,10,0.9611322083401488
0.37887666,40,31.807837837837837,1.105310901995532,10,4.03190762719093
0.41684958,40,31.660000000000025,1.0813009859859999,10,5.4389827603524825
0.26708788,40,32.1721052631579,1.1499755286468758,10,0.09065360876631523
0.37730542,40,32.34459459459464,1.1313581645976762,10,3.317776767323106
0.4066652,40,32.54666666666668,1.2796464574989401,10,3.2550567805283563
0.28018007,30,32.877777777777794,1.4499802991513355,15,3.277722386028767
0.3731798,40,32.639729729729765,1.4050020993893144,10,1.5306538359955857
0.43165493,40,31.78684210526319,1.6866924479190113,10,2.72934331445599
0.34025773,40,32.7505263157895,1.1304036853485027,10,1.8051875930569299
0.3468423,40,32.91157894736847,1.4095535512881485,10,0.44592161422757837
0.39628893,40,32.55631578947373,1.4497758090720274,10,2.0834734963553494
0.25748503,40,33.26675675675682,1.1586069878841854,10,0.0
0.33940777,40,35.17162162162168,0.7017079848604963,10,1.5020711714526351
0.21528238,30,34.961351351351425,0.5535256449494573,15,3.729491630105241
0.43405727,40,32.7348648648649,1.0269894661878647,10,5.151905977036672
0.36683255,40,32.34567567567569,0.845498259451758,10,4.431810000477768
0.34397104,40,31.977692307692337,0.8671938452360831,10,4.005469922783584
0.48318657,10,31.350000000000023,0.867026002143886,120,118.81046702571511
0.38281733,40,32.002972972973,0.7407584763452203,10,5.777754173834525
0.37253773,40,32.002972972973,0.9692801321121882,10,4.326758085841793
0.32924128,40,32.39388888888891,0.4699149037960011,10,5.133775196184087
0.37007183,40,32.664210526315856,0.9652684344060622,10,3.6116020645468376
0.33471876,30,32.83486486486487,2.024500876722941,15,2.0841938019916793
0.32484502,40,33.08837837837842,0.8407944644484107,10,2.4529999572374717
0.2971449,40,32.7455555555556,1.2391837800851317,10,0.0
0.36732703,40,32.73378378378385,1.2223308624101428,10,2.1743733582605564
0.33212012,40,31.901351351351423,1.144150697720233,10,2.3414987244484706
0.3514046,40,32.31894736842111,1.121841002428182,10,2.613986095321488
0.47124183,10,32.008333333333326,1.1864043803494064,120,116.1968996554224
0.30850363,30,32.58222222222224,1.4531997510722798,15,4.406887974261642
0.3622693,30,32.52555555555557,1.357964916414933,15,6.5526995692192145
0.35063332,40,32.17944444444447,1.3335903155808386,10,1.6716035449100177
0.38603106,40,31.695945945945937,1.7709964218459675,10,1.0300036381788118
0.36722118,40,31.992162162162174,1.4668920999064319,10,1.690012951323066
0.393999,40,32.20105263157899,1.7657904891211686,10,0.7899654400650391
0.45880124,40,32.3884210526316,1.2479267908900862,10,5.1359825752358095
0.3552152,40,33.08315789473687,1.0684527685726637,10,2.2310336484074105
0.3883635,40,32.70105263157899,1.6369760515285696,10,0.7649725169668962
0.22124928,30,35.03540540540541,0.5523469586516948,15,3.8403382846849135
0.45298022,40,32.52315789473687,1.0981791870170499,10,5.5753528068474045
0.38198385,40,32.07000000000005,1.0979091835764538,10,3.899969374372054
0.35542324,40,31.48736842105268,0.8642564090158918,10,4.854046843429626
0.38376853,40,31.764594594594655,0.6306498537790632,10,6.595212235058841
0.4132027,40,32.078108108108154,1.3941261209666322,10,3.3473422654427374
0.34378436,40,32.55000000000001,0.4631005654020102,10,5.448028101762406
0.33239606,40,32.04777777777781,0.39519474228875334,10,5.948130150086965
0.38435724,40,32.41810810810813,0.3525445677855272,10,7.349885996901265
0.458297,40,32.679729729729786,0.6200706894062734,10,7.968827275963928
0.29914278,30,33.259189189189215,0.8377419670433474,15,6.526383985508763
0.36795515,40,32.96783783783786,1.695954201970659,10,0.0
0.35966736,40,32.96783783783786,2.145029816254873,10,0.0
0.35557315,40,32.88513513513516,0.8382049472756372,10,3.5910342687798753
0.50189084,40,32.593783783783806,1.2912673467296412,10,6.006605027269936
0.40687633,40,32.43105263157895,0.8866826654186609,10,5.341823759193667
0.3143245,40,32.594210526315806,0.8406664128935484,10,2.632192099506365
0.36050573,40,32.846756756756804,0.860658053406569,10,3.665124584488148
0.28346455,40,32.16263157894741,1.2306655266579727,10,0.18797735772054391
0.29962924,40,32.261052631578934,1.1611724535350039,10,0.9219627173638312
0.3535288,40,31.901351351351423,1.1342321003421307,10,3.033351718184134
0.30019763,30,32.294736842105294,1.1921096977217918,15,5.7506434695948325
0.30550936,40,32.51684210526321,1.1733568968574102,10,0.781653798401047
0.34665665,40,32.31894736842111,1.1434593747527075,10,2.363455280546056
0.3376897,30,32.450000000000045,1.1494421727675008,15,6.933479669384068
0.25073647,40,32.691621621621664,1.3761348139607492,10,0.0
0.25081646,40,32.642432432432486,1.321479363371001,10,0.0
0.25734583,40,32.540810810810854,1.3562291106553972,10,0.0
0.3084173,40,32.17944444444447,1.301254386868691,10,0.5668022298668456
0.3932694,40,31.787297297297357,1.3437123973010643,10,3.2922222528517793
0.3416009,40,31.80297297297301,1.8247442071605038,10,0.0
0.31921133,40,33.03526315789475,1.134707246988476,10,0.8675404672711498
0.25654855,40,34.88729729729732,0.69674261790543,10,0.0
0.3876577,40,32.52315789473687,0.9589298914880653,10,4.311923436222762
0.35104302,40,32.42526315789479,1.0784144664866868,10,2.71395501749854
0.405563,40,32.07000000000005,1.1498084466089424,10,4.347847483334164
0.4941112,40,31.698717948717956,1.0915945872858088,10,7.666645796075951
0.34394598,40,31.48736842105268,1.3954610761284758,10,1.8537054809991158
0.43157214,40,31.655945945945973,1.0895344299027334,10,5.843546103229738
0.3952007,40,31.764594594594655,0.6817014938426629,10,6.682919083435739
0.41489562,40,32.078108108108154,0.6190174845697283,10,7.2736735597827735
0.37340078,40,32.55000000000001,0.41697129644992953,10,6.567166661811513
0.34835356,40,32.04777777777781,0.40050863980380896,10,6.400285695752934
0.35634097,40,33.04135135135141,0.7108128430870719,10,4.094813645907757
0.3770391,40,32.72405405405408,0.842615340845123,10,4.374042085558066
0.30497164,40,32.88513513513516,0.8074204767693207,10,2.226911623199582
0.35422164,40,32.594210526315806,0.7217679862627413,10,4.423598401035928
0.3625942,40,32.594210526315806,0.8133433302301206,10,4.2168981159633425
0.24701641,40,32.815000000000055,1.1014330105413639,10,0.0
0.3281541,40,32.38000000000005,1.1515818811400598,10,1.7067128455752512
0.3995495,40,32.44611111111112,1.2517699731536391,10,3.2815241190665487
0.4364151,40,32.645555555555575,1.360401579015334,10,3.6448901431379035
0.3963948,40,32.645555555555575,1.2994303376295018,10,2.7491364969196983
0.4145885,30,31.676666666666733,1.0680406543588874,15,10.420785388900228
0.26529017,40,32.8368421052632,1.3066890360050922,10,0.0
0.32553,40,32.72052631578947,1.4867918074393676,10,0.0
0.39959058,40,31.72243243243247,1.7819137446181441,10,1.3557161390970176
0.35944408,40,31.908378378378416,1.4635918756744701,10,1.5569851051362313
0.34020415,40,32.11054054054057,1.41232509491772,10,1.0339581981796746
0.3580931,40,32.410000000000025,1.4495778792339842,10,1.084904081393578
0.32219023,40,32.410000000000025,1.1988786505293405,10,1.2613139419882131
0.37489095,40,32.58526315789476,1.0646038046533077,10,3.3384461578049107
0.2954386,40,32.74368421052634,1.5064105920323034,10,0.0
0.3695726,40,34.66297297297302,0.6512824392113113,10,3.1677933750301595
0.29896235,40,34.325135135135156,0.49904332520906924,10,2.1485185574179884
0.45495492,40,34.22222222222223,0.8480560164741514,10,5.186145767425461
0.32053745,40,33.27864864864864,0.8877378217544463,10,1.8987852699182062
0.32233754,40,32.844210526315806,1.1683553462074692,10,0.9841386353218162
0.3982066,40,32.844210526315806,1.379689742384777,10,2.2035383155251216
0.39786783,40,32.61864864864867,1.4681298540391594,10,1.9767365438237121
0.4501081,40,32.657027027027084,0.6284407986548562,10,7.704012226450404
0.33121502,40,32.30315789473684,0.4614740814074003,10,5.325922271454136
0.36789575,40,32.29736842105268,0.4405340053598415,10,6.5368344895926676
0.37175018,40,32.32263157894738,0.4286264598874258,10,6.686741699366584
0.38807237,30,32.567894736842106,0.4749189113034673,15,11.69968181758128
0.334321,40,32.8105263157895,0.8933136778733083,10,2.7525349361019895
0.43141985,40,32.472105263157914,1.1796271247552756,10,4.572354804265251
0.26958454,40,32.399729729729756,0.7711965575370116,10,1.8318233699624642
0.3530962,40,32.93486486486489,0.6412569902812019,10,4.451735767771292
0.30996788,40,33.028461538461556,0.7238208660658911,10,2.651470102755341
0.33040652,40,32.988461538461536,0.8829706702200811,10,2.5088801990588996
0.39565742,40,32.57684210526321,1.3177724299733125,10,2.7040185217043504
0.312085,40,32.815000000000055,1.326873680026155,10,0.0
0.3178394,40,33.10421052631585,1.2642203283237072,10,0.10987000168806915
0.5564244,10,31.435555555555595,1.157565874446615,120,119.46934698652619
0.506127,10,32.321666666666715,0.987848961848542,120,117.92289860373266
0.49605727,20,31.676666666666733,1.1274933852817812,40,37.567584706280044
0.39111558,40,32.72052631578947,1.4764990936624103,10,1.6304451188469287
0.3138365,40,32.155555555555566,1.5619997591864632,10,0.0
0.28962785,40,32.76675675675682,1.0855207569748884,10,0.4944746684188033
0.31311184,40,32.915945945945964,1.4219473031348882,10,0.0
0.3371541,40,32.79578947368424,1.7416620363509203,10,0.0
0.37234944,40,34.22222222222223,0.6985372790091994,10,3.4555749204751613
0.39663318,40,32.61864864864867,1.4896510245696226,10,1.8320914635326098
0.46634582,10,31.54076923076923,1.4567413388374462,120,115.16589815537202
0.353804,40,32.028461538461556,0.4942453895408862,10,6.114431355568363
0.2787411,40,32.47421052631586,0.44174647509143194,10,3.6792902740645737
0.3819064,40,32.75888888888892,0.6252197320628379,10,5.5722044980786425
0.39982376,40,32.567894736842106,0.5806671436092182,10,6.52348232424272
0.38111272,40,32.76315789473688,0.5972795061929642,10,5.683825884257287
0.32617357,40,32.99594594594595,0.7781066998653314,10,2.898728051263192
0.33549935,40,32.99594594594595,0.8504932805956436,10,2.816567721027713
0.36532205,40,32.8105263157895,0.8787079054725498,10,3.755596097291628
0.3278363,40,32.8105263157895,1.1177572379143876,10,1.435776759966262
0.31553861,40,33.028461538461556,0.6834287489592363,10,3.0205533960211426
0.33096313,40,32.84459459459464,1.1513978792969592,10,1.3273104032014853
0.39003244,40,32.096486486486526,1.3124984026950302,10,3.041994361037684
0.44065353,40,32.096486486486526,1.4276301396461613,10,3.9849683610446753
0.48878923,20,31.760810810810824,1.111143403904491,40,37.347149166534976
0.39887556,30,32.0862162162162,1.0322571278659964,15,9.718764913100188
0.34109,30,32.30351351351351,0.9749870736338606,15,8.0542510458417
0.32566604,30,32.494864864864894,0.909998278399738,15,7.725124830224386
0.39407817,30,32.494864864864894,0.991015884819289,15,9.372400715558978
0.3358615,30,32.5361111111111,0.9935767377087577,15,7.571850024341268
0.31433317,30,32.308857142857164,0.8688028771379481,15,7.777123831601719
0.38175988,20,31.898648648648646,0.9360601483132538,40,34.87384738921569
0.28802797,40,32.81,1.2587624840539067,10,0.0
0.3174261,40,32.480270270270296,1.3038279305917169,10,0.5233730375222709
0.2974151,40,32.250540540540555,1.4301986632812396,10,0.0
0.3741608,40,32.57111111111112,1.308554150695988,10,2.1109423226942026
0.37091467,40,32.728947368421075,1.7453581335897426,10,0.0
0.4150054,40,31.55400000000003,1.5854133305601357,10,2.9690945422788575
0.32847187,40,32.74513513513517,0.6095681946857314,10,4.0611803796070856
0.43208027,10,32.272105263157925,1.2315611345293254,120,114.53249700790464
0.39918977,40,32.324210526315824,0.6031201536205916,10,6.6358820745111
0.24350338,40,33.17307692307696,0.9997432115623133,10,0.0
0.38099903,40,31.643157894736873,1.0973338661416094,10,4.300143241505069
0.28451535,40,32.13000000000005,1.2508671071734898,10,0.15112505060857195
0.35620585,30,32.26729729729732,1.1209780376265701,15,7.813987672981126
0.31082824,30,33.19324324324327,1.2897008032732695,15,4.683099481276665
0.27126008,40,32.920000000000016,1.628471395520706,10,0.0
0.29691356,40,32.920000000000016,1.4314423123307463,10,0.0
0.3341875,40,33.21526315789475,1.3011466550535713,10,0.3046290511034302
0.35045108,40,32.77315789473687,1.7716395756887682,10,0.0
0.33986488,40,32.53108108108108,1.7668953931516067,10,0.0
0.33569357,40,32.406842105263195,2.1894095407979948,10,0.0
0.36222693,50,32.528421052631586,2.3919884024487943,2,0.0
0.2882413,30,33.04589743589747,1.1091734989278306,15,5.055474319848508
0.42735043,40,32.109500000000025,1.3591782636761727,10,3.9151213011688464
0.32924527,40,32.210000000000036,0.45438895939762275,10,5.395413021858571
0.28352353,40,32.76578947368421,0.517404861345616,10,3.152891874831218
0.3530585,40,33.047435897435946,0.57343015413516,10,4.67716762928908
0.3274448,40,32.634210526315826,0.7245638351959511,10,3.56631397723826
0.34549004,40,32.78128205128212,0.5657352144918427,10,4.754743310554883
0.21790384,40,33.17307692307696,1.0429719812058604,10,0.0
0.24166821,40,33.17307692307696,1.0478651248305717,10,0.0
0.4204579,40,31.91052631578947,1.1604755456805496,10,4.9008331781063905
0.2960655,40,31.968918918918973,1.434685219343241,10,0.0
0.4388824,30,31.67500000000001,1.006495976372429,15,11.45899260928654
0.39025536,40,32.25000000000006,1.3008131969651793,10,2.9535945171767395
0.40217143,30,32.24600000000004,1.0782725007352298,15,9.427780715578322
0.37352988,40,32.26729729729732,1.1984561305538448,10,2.946318198537007
0.37124577,40,32.26729729729732,1.1775768367184074,10,2.9821917589712026
0.2782749,30,33.057222222222265,1.349951150139722,15,3.541269121342717
0.25813827,40,33.442972972972996,1.1096041848414984,10,0.0
0.3664036,40,32.48777777777781,1.6657288164257846,10,0.17568664901197373
0.2718661,40,32.690000000000055,1.9865253220011239,10,0.0
0.357197,40,33.01684210526321,1.3747259751380196,10,0.8254373948008018
0.27195,40,32.478947368421075,1.255769059251389,10,0.0
0.319224,40,32.406842105263195,1.3451485019943055,10,0.44413516728086666
0.3231569,40,32.406842105263195,2.1635931749663624,10,0.0
0.41342485,40,33.09486486486492,1.8187365210718243,10,0.21419836719013574
0.2999672,40,33.81947368421055,0.7446763235740238,10,1.4561603263613585
0.43098775,40,31.94150000000002,1.4355515576820344,10,3.810374716582726
0.50293994,10,31.729000000000042,1.5126530998649876,120,115.79593246895239
0.4030471,40,31.785384615384658,0.6156536161238736,10,7.2277603551015925
0.39642462,40,31.785384615384658,0.6547682646377803,10,6.83351312456396
0.32048967,40,31.603684210526353,0.48424097434202246,10,5.5898007176300455
0.36895308,40,33.047435897435946,0.5284921178580526,10,5.3786961323436735
0.2926982,40,32.95512820512823,0.5220717482568357,10,3.2154589093474777
0.34573737,40,32.7847368421053,0.8098596207504554,10,3.538086396639587
0.32326654,40,32.800769230769276,0.7102595234392517,10,3.3459295520149688
0.35102302,40,32.75421052631583,0.6009886255867865,10,4.771537295402725
0.4284794,40,32.634210526315826,0.7842733358364186,10,6.298804602488232
0.34528857,40,32.728461538461545,0.9438110576218811,10,2.911140075001075
0.3139876,40,32.99051282051283,0.6296058325714675,10,3.2810862081207794
0.2810342,30,32.93918918918922,1.3362886263763245,15,3.810393337715783
0.35254294,40,32.25111111111113,0.8977964343229924,10,3.836194749138132
0.531764,10,32.34222222222223,0.9384862080531603,120,118.91826507422232
0.5876634,10,32.34222222222223,0.9198765003628978,120,120.68829779012461
0.3557895,40,32.69270270270272,1.299863104974737,10,1.4816669207736721
0.36682242,40,32.36500000000001,1.5384691034421158,10,0.9473269803767863
0.40352377,40,32.36500000000001,1.3153729792288071,10,3.1638482234813328
0.40434486,40,32.377428571428595,0.9588391862543546,10,4.958721623624918
0.44845188,30,32.377428571428595,0.9039531639593588,15,11.556361561221644
0.37481692,30,32.10371428571432,0.7963830027002943,15,10.158878664223234
0.43455052,40,32.44428571428574,1.2768328339418835,10,4.208065955349611
0.26987377,40,32.70942857142859,1.0956530339934014,10,0.0
0.32028753,40,33.21864864864864,1.1537529716259847,10,0.6212120161196388
0.39302874,40,33.21055555555557,1.872594586297944,10,0.0
0.31935337,40,32.685,2.5193513118777626,10,0.0
0.31074658,40,32.685,1.8097568829790027,10,0.0
0.2975883,40,33.10842105263157,1.5735994810293372,10,0.0
0.29988635,40,33.10842105263157,1.5041169204974258,10,0.0
0.32590705,40,33.58631578947376,1.3006839902055511,10,0.0
0.34066167,40,32.73888888888894,1.1418886966284096,10,1.7715174769973077
0.28310892,40,32.73702702702707,1.2282424077917593,10,0.0
0.30269796,40,32.363684210526344,1.6401204188077776,10,0.0
0.3655424,40,32.23473684210529,1.0556997939614183,10,3.453036435371801
0.35705447,40,32.667368421052686,0.7560299638258448,10,4.264115477106825
0.313949,40,33.174210526315846,0.9792685398063252,10,1.3479162647673864
0.3653969,40,32.1105,1.3803182807640786,10,1.9498155008652889
0.43496543,40,32.1105,1.45118714675983,10,3.6825276048424964
0.37780967,40,31.086923076923142,0.7585482707237656,10,6.454625874221692
0.35301983,40,30.397894736842147,0.5878756109445223,10,7.253322508215971
0.3954823,40,32.07105263157894,0.5594905762829455,10,6.995963367459336
0.27608007,40,32.80297297297301,0.5870988954882027,10,2.543934783221372
0.33865163,40,33.03512820512822,0.5963427349004597,10,4.142707068062656
0.31100187,40,33.01358974358976,0.4909929514628002,10,3.8615013860062257
0.29924116,40,32.70736842105265,0.6315291191190014,10,3.112220612461527
0.37225828,40,32.80282051282052,0.7550001655277415,10,4.589926995364886
0.296217,40,32.84897435897443,0.636504315657621,10,2.8550140130116173
0.36669758,40,32.61666666666673,0.6858778452290503,10,4.954871252180111
0.32014614,40,32.282777777777824,1.3117644824900443,10,0.7627841145527059
0.34325793,40,32.421351351351404,1.293666812170075,10,1.4080528512617212
0.30651844,40,32.93918918918922,1.356504804464808,10,0.0
0.48903802,40,31.950000000000045,1.2305999221025694,10,6.56814141977009
0.32424748,30,32.406000000000006,0.9282870923615949,15,7.679988560952006
0.32141218,40,33.51540540540543,1.119350291544883,10,0.5302087083089839
0.27323747,40,33.85324324324324,1.1878484291736795,10,0.0
0.31329903,40,33.703333333333376,1.4871588917172485,10,0.0
0.3418408,40,33.21055555555557,1.481089283187179,10,0.0
0.34625298,40,32.685,2.510262753023286,10,0.0
0.3691275,40,32.685,1.8335346836062794,10,0.0
0.310161,40,32.728421052631575,1.1165132213550306,10,0.9938424398383825
0.42871046,10,33.67684210526318,1.1509739658045524,120,113.42960200489821
0.368028,40,32.460769230769245,1.3819024782123939,10,1.670558757763441
0.47240472,40,31.918499999999995,1.4172499175233768,10,5.1673915261852095
0.3938477,40,31.720500000000015,1.2815274374772359,10,3.6872943530453384
0.40262362,40,32.07105263157894,0.6157735031365458,10,6.928788532989129
0.3529412,40,33.01358974358976,0.5302740245444204,10,4.923275848140922
0.33689523,40,33.08641025641032,0.5810258949815786,10,4.115316943659019
0.34868422,40,32.80282051282052,0.648691658825472,10,4.414247465306781
0.44012067,40,33.10050000000001,0.5792154196100319,10,7.207043088478653
0.36266583,40,32.73769230769233,0.6547879603050375,10,4.8683424368418216
0.38986784,40,32.40435897435901,0.6641878389157992,10,5.970737139967442
0.32238856,40,32.387894736842156,1.1796670660715936,10,1.385426341817242
0.44876623,10,32.51473684210532,1.0050969017796285,120,115.9227651737847
0.41161415,30,32.217567567567585,1.01844282368409,15,10.038643031743575
0.36088473,40,31.867222222222267,1.562796146049437,10,1.1453387913493556
0.22451745,40,32.547222222222274,0.848652879483081,10,0.0
0.4244118,20,32.16485714285716,0.8453513571275657,40,36.340740515155545
0.37884971,30,32.11400000000003,0.8885898132550736,15,9.808542465524702
0.30146053,40,32.83611111111111,0.9432908978946715,10,1.491250138632835
0.23577063,30,33.64314285714289,1.3570137999470513,15,1.6449067872768692
0.30963817,40,33.66611111111115,1.385013829866266,10,0.0
0.30336016,40,33.31444444444446,1.5004199452000504,10,0.0
0.35179105,40,32.571666666666715,2.841019419567217,10,0.0
0.2980077,40,32.7116666666667,1.5113479938269494,10,0.0
0.3350365,40,33.612702702702734,1.3142770769213863,10,0.0
0.41672152,40,32.96729729729731,1.674922745854544,10,1.1597348821698787
0.35970747,40,32.620000000000005,1.175539482623514,10,2.2935264965681164
0.32903773,40,31.996315789473726,1.2731029764148045,10,1.5093012783134236
0.35785952,40,31.869459459459506,1.3072424075981628,10,2.330114354107253
0.3766966,40,32.48081081081085,1.682708514579764,10,0.40654414445088705
0.22835526,30,33.761052631578934,1.1514575083462446,15,2.3323175077849783
0.35894275,30,30.77307692307693,1.1079147357840478,15,9.45563174441978
0.30542034,40,33.02263157894737,0.5535368847440324,10,3.3722938943004444
0.31436315,40,33.51256410256411,0.5540607999534232,10,3.148026678562395
0.34269148,40,33.156000000000006,0.5084050367480845,10,4.582719607861462
0.32502335,40,32.65102564102568,0.6018418147386336,10,4.090465927772423
0.3360324,40,33.224500000000035,0.6191966256372508,10,3.7604888981006868
0.38092232,40,33.122972972973,0.5975304339028148,10,5.317044463942711
0.30643547,40,33.138648648648655,0.6159728643763263,10,2.9745506307470304
0.3797571,40,32.4074358974359,1.0251405694028475,10,3.859574232902533
0.30203158,40,32.387894736842156,1.158583710781769,10,0.8801341405534124
0.40466928,40,31.890000000000043,1.2921126708803965,10,3.7895148398576293
0.5159581,20,32.11400000000003,0.8587909790157722,40,39.070787521294235
0.2680992,40,32.32142857142861,0.8616202011697829,10,1.4134459634880834
0.2700777,40,32.83611111111111,0.9996580642067793,10,0.2679298806043624
0.39306164,30,33.04111111111115,1.1801723142228477,15,7.849876663570213
0.26886216,30,33.64314285714289,1.3111209525165524,15,2.8671175363751065
0.330654,40,33.80657142857149,1.2671128575615411,10,0.0
0.3373041,40,33.31444444444446,1.4769285542043402,10,0.0
0.23735763,30,33.53108108108108,1.3783661753744108,15,1.6978170326691595
0.3997344,40,32.96729729729731,1.9353946091939362,10,0.0
0.3891322,40,32.620000000000005,1.8965475926690059,10,0.0
0.37016377,40,32.620000000000005,1.185044114112011,10,2.5596921066761444
0.362963,40,32.65108108108109,1.4134326905049053,10,1.1706449951613669
0.37370044,40,31.869459459459506,1.564424230159878,10,1.5194328616135309
0.36595172,40,32.081052631578984,1.622476716406808,10,0.7851156766235423
0.39556235,40,33.61820512820515,1.2694888554379973,10,1.9012209537967273
0.34607407,40,32.82743589743592,1.178449421717664,10,1.662539073735518
0.42552686,30,32.52230769230772,1.1789537452110448,15,9.34872910390906
0.31363478,40,32.344054054054084,0.6755776768160177,10,3.6871007011280126
0.33499297,40,32.84684210526319,0.6056587008958155,10,4.1746532672532615
0.28921062,40,33.02263157894737,0.5418994301630908,10,2.9441900126922116
0.28325394,40,33.51256410256411,0.5552428057155293,10,2.208839730681939
0.33717057,40,33.156000000000006,0.5346870313284241,10,4.28568162032105
0.2986111,40,32.65102564102568,0.6122124094985275,10,3.246245234178946
0.38701776,40,33.122972972973,0.6467152822524325,10,5.253983227099057
0.27691537,40,33.122972972973,0.6025469370653433,10,2.171753219622683
0.44463062,40,33.00589743589745,1.0259300148406085,10,5.203371167239324
0.44744483,10,32.4074358974359,1.2174453687188354,120,114.9286817843994
0.39237502,40,32.34846153846155,0.9286177385947397,10,4.779700695742594
0.3023806,40,31.967837837837862,1.2215523317199164,10,0.995818664228711
0.35496256,40,31.967837837837862,1.18168521234975,10,2.7726128578292393
0.37242138,40,31.93810810810811,1.2752474258038768,10,2.8582960512776934
0.34306034,40,31.734864864864903,1.2502653807042474,10,2.3056184916386595
0.48238394,40,31.79270270270274,1.4168603517767457,10,5.594513724638457
0.4032498,40,32.45864864864865,0.9532613710732395,10,4.872538909973192
0.30399245,40,32.45864864864865,0.9574394552392901,10,1.8739277948553843
0.388377,40,30.702571428571446,0.9588900004768826,10,6.154289171611313
0.35370433,40,30.702571428571446,1.043922132916136,10,4.688947655009597
0.5081347,10,32.081666666666706,1.232695954543568,120,116.99889516817504
0.31611234,40,33.548333333333346,1.2751245985440107,10,0.0
0.27068698,30,32.956666666666706,1.4181394541254067,15,3.073245555682827
0.38667536,40,32.82729729729732,1.2790647259616479,10,2.3776401497991975
0.36207524,40,33.35594594594596,1.330615151601377,10,0.853235598215047
0.32975152,40,32.622972972973,1.2034804918453341,10,1.2521700817038797
0.3749521,40,32.39918918918926,1.577475666716822,10,0.9619956865566408
0.35894972,40,32.46315789473687,1.750095244260266,10,0.0
0.42452228,40,32.42783783783784,1.6086895703622173,10,2.2643824658525684
0.23814489,40,33.1726315789474,1.7472409978037247,10,0.0
0.197736,30,33.67648648648651,1.264954171331948,15,0.9308226851193515
0.34754875,40,31.90384615384619,0.9258337703042383,10,3.893447157094167
0.31758717,40,32.200000000000045,0.9114404261240808,10,2.7704124606179183
0.34927592,30,32.35263157894741,0.9838896001159325,15,8.20619779950616
0.3528291,40,32.32750000000004,0.9852421367421008,10,3.3311623055721746
0.3211475,40,31.532051282051327,0.7621327882011385,10,4.2917098800745705
0.34623024,40,31.70692307692309,0.9093922398547832,10,4.133022915460266
0.32616487,40,32.71368421052631,0.5448485636617451,10,4.347019453103523
0.29733425,40,33.95871794871795,0.5149918212345018,10,2.3863503049868036
0.5144088,40,32.66050000000001,0.6744861516916991,10,9.399334937945813
0.49543718,40,32.89700000000005,0.8047791050431958,10,7.942219633758677
0.3740313,40,32.877692307692314,0.9438929314499047,10,3.6237824120053235
0.332369,40,32.77820512820517,0.812022530190746,10,3.132752605357876
0.33954468,40,32.11594594594595,1.4401887453557236,10,0.8694507849809767
0.32370868,40,31.93810810810811,1.266505242553927,10,1.440626407916179
0.36388755,40,31.76675675675682,1.2639180446653735,10,2.830279051273168
0.37367782,40,31.734864864864903,1.4582645857955236,10,2.184147167559547
0.37185413,40,32.10891891891896,0.8573142589939949,10,4.760133187858687
0.26605505,40,32.45864864864865,0.8710632944796277,10,1.167686391921924
0.15405723,40,30.752285714285733,0.8427901537903282,10,0.0
-0.053892195,40,30.752285714285733,0.8509953427599161,10,0.0
0.4403414,30,31.30333333333334,0.9041132815073168,15,12.386342922976553
0.24030136,30,32.94444444444446,1.0868636149822353,15,3.8302782714551844
0.3310592,40,33.04055555555556,1.8049391161701678,10,0.0
0.19909829,30,32.956666666666706,1.1694909461313956,15,2.1688271830177186
0.2752702,40,32.89166666666671,1.2125346132674852,10,0.0
0.35500553,40,32.82729729729732,1.2802732475876455,10,1.4215026784879425
0.37867787,40,33.35594594594596,1.2042660638571667,10,1.9830602652841698
0.3281917,40,32.7477777777778,1.1134944274305216,10,1.5305008162754863
0.34509733,40,32.58611111111111,1.0271763744930682,10,2.630926787295368
0.35003003,40,32.622972972973,1.03818272886114,10,2.687014277358445
0.3250611,40,32.3344444444445,1.5118144301165553,10,0.0
0.4345658,40,32.324871794871854,1.0612983639207116,10,5.405610355643596
0.4849349,40,31.90384615384619,1.4189307652010201,10,5.549547014990913
0.38363808,40,31.939756097560974,1.0277990362517484,10,4.430391452481492
0.35627532,40,32.200000000000045,0.9400528233416632,10,3.7879954296279896
0.40167633,40,32.01717948717953,0.6112484186981931,10,6.976868061654873
0.19731185,40,33.55350000000004,0.5400513784996439,10,0.0
0.34561214,40,33.02538461538467,0.7057460441150567,10,3.8142494252582075
0.2799466,40,33.262820512820554,0.6043568007383298,10,2.113793616114248
0.30330133,40,33.331052631578984,0.5886385887275875,10,2.8247947042279495
0.2741605,40,31.7247368421053,1.1998203367978295,10,0.5009767023239338
0.28594404,40,31.7247368421053,1.168734541457733,10,1.0099113653465643
0.34597877,40,31.869459459459506,1.3161336681580902,10,1.9292354077931808
0.3699735,40,32.27111111111111,1.1063704563583503,10,3.296241910114828
0.3562216,30,32.27111111111111,0.8826446993821421,15,9.002312916798008
0.35871056,40,32.603888888888946,0.8637253809018068,10,3.8388006700087063
0.44789532,30,31.896666666666704,0.8069316353414013,15,12.5055346392621
0.40587348,20,32.545000000000016,0.851671234150777,40,35.37284843116335
0.29395315,30,33.17944444444447,1.0406746718550564,15,5.4357769178578375
0.3958829,40,32.58277777777778,1.2871335770385903,10,2.8580416255198218
0.32210198,40,32.530540540540585,1.2876706398103952,10,0.69416579209968
0.34504485,40,33.56333333333333,1.2152088857177408,10,0.7119675711065963
0.33747488,40,33.29555555555555,1.1280371848360826,10,1.188504746258376
0.35513866,40,33.20500000000004,1.1069160884084739,10,1.914579293901987
0.30770087,40,33.20500000000004,1.090489768270799,10,0.5735769510201543
0.37361878,40,32.37666666666672,1.4866257102119442,10,1.3987681955903453
0.34486005,40,32.37666666666672,1.6045805151562647,10,0.0
0.402265,40,33.70222222222225,1.1620899700905654,10,2.555277988874053
0.39315364,40,32.45526315789476,1.3188203221839712,10,2.7452444577647857
0.43642834,40,32.45526315789476,1.4120271354672738,10,3.5774516445611866
0.34868822,40,32.186500000000024,0.9618108556210553,10,3.4650925404989676
0.32442045,30,31.954500000000053,0.9901605568201938,15,7.827310495293968
0.41612265,40,31.670500000000004,0.6659814750535963,10,7.48327209806476
0.26724866,40,32.96025641025642,0.7010690651852134,10,1.551858094570365
0.40729755,40,32.78692307692313,1.3306674547714843,10,2.7786661702070417
0.4591025,40,33.05564102564102,1.2501529008452457,10,4.466669661286606
0.36425903,40,32.91410256410262,0.8147995128838015,10,3.939670667494047
0.35052532,40,33.156842105263195,0.6040789116053145,10,4.338522844775506
0.4244239,40,32.54513513513518,1.225597910446956,10,4.05959281736704
0.3627232,30,31.869459459459506,1.287353451007139,15,7.5754696589497135
0.29015303,40,31.926756756756788,1.2827961197856423,10,0.36385346208056735
0.37863714,30,32.27111111111111,1.1854789682257478,15,8.160608444546808
0.34517637,30,32.603888888888946,0.8089668469082802,15,8.706568184583585
0.2685937,40,32.603888888888946,0.8329932707869718,10,1.2889557460833734
0.114709854,30,29.94351351351355,0.8533141514859758,15,4.23121131903666
0.28125358,30,31.005675675675718,0.8903303322338072,15,7.980279960016565
0.40195054,30,32.063888888888926,0.8502011732945843,15,10.743621496946833
0.27675402,30,32.545000000000016,1.0017592292051727,15,5.748824840945391
0.3404485,40,32.6148648648649,1.4181305626750615,10,0.5079371159408828
0.38170007,40,32.530540540540585,1.705899467725425,10,0.39096391132285646
0.34442633,40,32.530540540540585,1.8202819363308138,10,0.0
0.36601073,40,33.20500000000004,1.1345467942738265,10,2.102587565833546
0.24977699,40,33.363333333333344,1.071183231342526,10,0.0
0.35409954,40,33.363333333333344,1.0901220253542903,10,1.8090424589379381
0.40498033,40,32.75540540540544,1.280136189463188,10,2.993323178993024
0.44645414,40,32.37666666666672,1.4764720794550596,10,3.6345970145287163
0.334664,40,32.37666666666672,1.5371134218447633,10,0.0
0.24496414,30,33.526315789473756,1.189433229832157,15,2.8754422517110863
0.39835212,40,33.015263157894765,0.9466502258305061,10,4.202048937749358
0.3443083,40,32.07200000000006,1.302790573336063,10,1.7432960980097771
0.34177727,40,32.07200000000006,1.08462948528781,10,2.7581708073325277
0.31881332,40,32.19150000000002,1.015855854471911,10,2.2936201348528176
0.41006458,40,31.841500000000053,0.956163683055563,10,5.679619305496224
0.33375043,40,31.670500000000004,0.6667648418580566,10,5.00818853234564
0.3521214,40,32.39000000000004,0.6150120746344448,10,5.098581937671586
0.34527028,40,33.18589743589746,0.579315343638464,10,4.275633970345386
0.4273981,40,33.212500000000034,0.6299835797223959,10,6.459524548374562
0.31366795,40,32.96025641025642,0.8752921330660262,10,2.0733212209725576
0.3614061,10,32.531000000000006,1.1433760890147948,120,112.59430196445194
0.4044284,40,32.96333333333337,0.9599423982932112,10,4.369806239476878
0.44180524,40,33.05564102564102,0.9439059657014363,10,5.4789861960412365
0.33631754,40,32.91410256410262,0.7330691119417471,10,3.5100780163759295
0.35429108,40,33.272564102564104,0.7145205981073993,10,3.7835654141663784
0.36539626,40,33.285897435897425,0.6251075438179269,10,4.55045235422982
0.28006563,40,33.205789473684206,0.947321848770283,10,0.45956996665372074
0.36771336,30,32.43000000000001,0.9953321232263258,15,8.62474065181949
0.34532443,40,31.978648648648687,1.2497306641080317,10,2.132430772268526
0.40619642,40,31.690000000000055,1.5598536971084889,10,2.6966240566749393
0.36790922,40,31.545135135135183,1.3116005880284625,10,2.9341383885194183
0.3491838,40,31.806756756756783,1.2150725866475216,10,2.5933944450101247
0.37424487,40,32.368378378378395,1.2003175887996953,10,2.8573795302059644
0.32765958,40,32.33722222222224,0.9237679812589272,10,2.873724760147925
0.57795453,10,31.015000000000043,0.8956268653639493,120,121.84550181332801
0.41774306,40,31.00405405405411,0.9801475458973451,10,6.627499974506452
0.20853958,30,32.312162162162224,0.9038704160529325,15,4.424673231883942
0.32603407,30,33.19342857142857,1.0105453308620878,15,6.534866594569097
0.3324369,30,32.90314285714288,0.9634447789030167,15,7.252739950859032
0.34484118,40,32.694571428571464,0.9982959496090364,10,2.65918407404092
0.3575318,40,32.21918918918925,1.4886029607939226,10,1.0637491909636383
0.41299856,40,32.21918918918925,1.7884419408832826,10,1.2285579934244701
0.3209169,40,32.24729729729734,1.9727007959715377,10,0.0
0.33568025,40,33.259714285714324,1.4050400651310577,10,0.0
0.34536266,40,33.487837837837844,1.329401328040382,10,0.22603573049691583
0.34614018,40,33.487837837837844,1.2654806769240203,10,0.5689638327888638
0.32031393,40,32.29631578947374,1.4932676157511713,10,0.0
0.36309963,40,32.152564102564156,1.522352857054459,10,1.128660269355569
0.33310753,40,32.21358974358975,1.5877909225351072,10,0.0
0.45231822,30,33.301578947368455,0.7985169706574909,15,11.275382625703024
0.34394127,40,32.145789473684204,0.9157740884271446,10,3.5935783620435915
0.34836918,40,32.20421052631582,0.6462009775445104,10,5.015859593324958
0.3671945,40,32.35631578947374,0.6567036457587532,10,5.376001348430287
0.19295338,40,32.293589743589735,2.0293038968323445,10,0.0
0.4157105,40,33.38073170731707,0.7442903314972719,10,5.369132338455753
0.33515483,40,33.00025641025644,0.6676529517190637,10,3.7161236609032606
0.33385703,40,33.43648648648656,0.7682207669556094,10,2.738120395896579
0.37506253,40,31.79052631578952,1.4544737116460669,10,2.188980557750411
0.29115602,30,31.87432432432439,0.9589787363895435,15,7.065462678607754
0.33233282,30,32.066756756756774,1.0625122320758071,15,7.59066706516779
0.3727437,60,31.827837837837876,1.59423116843979,1,0.0
0.37556562,40,31.545135135135183,1.308765243219101,10,3.1780069998104334
0.3540107,40,32.368378378378395,1.0038226993779982,10,3.232828867849614
0.3654165,40,32.88837837837838,0.9265091320266073,10,3.4415713011664444
0.372022,40,32.700000000000045,1.0976389878889452,10,2.972465339475475
0.58250564,20,31.31222222222226,0.775118758759533,40,42.28735403870698
0.42371413,40,31.015000000000043,0.8985959307983853,10,7.203444712287127
0.3188479,30,31.384594594594603,0.9275185853936936,15,8.543249735285967
0.3489796,40,31.384594594594603,1.023316011136845,10,3.9682129294971844
0.32136387,30,32.36351351351351,0.8436218160155691,15,8.059293544805307
0.38193053,30,32.74222222222227,0.996880904126001,15,8.731289228719675
0.30021733,40,32.90314285714288,0.9792232281927091,10,1.20726054908517
0.32248008,40,32.694571428571464,1.277009707075369,10,0.5947821792175265
0.3935878,40,32.21918918918925,1.8093577844118185,10,0.541656042540648
0.2881885,30,32.55111111111114,1.4788219261752245,15,3.700434164147283
0.25969625,40,33.787142857142896,1.2851260870522936,10,0.0
0.37160975,40,33.487837837837844,1.3583641353439968,10,0.8686336793148346
0.29434842,40,33.18000000000001,1.4800151615370902,10,0.0
0.40172705,40,32.14900000000006,1.146612816714436,10,4.169747432087104
0.4046603,40,31.900000000000034,1.283013116211605,10,3.824744086073869
0.4259913,40,31.900000000000034,1.0904499873988993,10,5.427489366935655
0.268518,40,31.958500000000015,0.9922497983749552,10,1.1357909504723196
0.33220106,40,32.20421052631582,0.6951707955220574,10,4.285967529673178
0.26225954,30,32.293589743589735,1.712827148933872,15,2.010060882301735
0.3787037,40,32.82268292682926,1.1969550149078394,10,2.553653610536138
0.28060606,40,33.00025641025644,0.6933098880026083,10,1.9513762757875686
0.32810685,40,33.57432432432438,0.6776782262676375,10,2.8804900593247504
0.35558647,40,33.43648648648656,0.8760560580285706,10,2.8508273497293963
0.35089087,40,32.33000000000004,0.8586785466133627,10,3.903333682765833
0.3583504,40,32.42789473684212,0.9285739350758406,10,3.6797471140994764
0.29704195,40,32.34297297297297,1.0746417828607053,10,1.1950766130946402
0.28156367,40,31.817567567567608,1.3436226422213438,10,0.0
0.39373273,40,31.691621621621664,1.308133056479521,10,3.5796952797177353
0.43811205,30,32.16833333333335,0.94360502135232,15,11.257003386775466
0.58669996,10,31.418888888888944,0.7492619322653538,120,122.43580002375737
0.34969327,40,31.591666666666697,0.9214553469613975,10,4.291854460015394
0.3966385,40,31.591666666666697,0.8984940992279089,10,5.815018092243898
0.30959052,40,32.1975675675676,0.836155648629297,10,2.909369923167289
0.35694197,40,32.63400000000007,1.1007397377369204,10,2.5705607654783753
0.34016582,40,32.80666666666673,1.2683718483188287,10,1.056449135340337
0.27944344,40,33.19111111111113,1.2920657126151192,10,0.0
0.34062287,40,33.39810810810815,1.2720309625236867,10,0.4604230423354201
0.3707231,40,33.1748648648649,1.2847206082210672,10,1.5232253074967854
0.43866944,40,33.1748648648649,1.4391876357566251,10,2.7892799360968237
0.2976783,60,32.69500000000005,1.605461396262864,1,0.0
0.34936595,40,32.58526315789476,1.6218606208127517,10,0.0
0.31727788,40,32.52421052631581,1.642093781189722,10,0.0
0.32938686,40,33.39947368421059,1.430990125701548,10,0.0
0.4045546,30,33.98333333333335,0.8610881740551353,15,8.847863654312645
0.33526474,40,32.170500000000004,0.9101960997885888,10,3.3364620806406196
0.2947056,40,32.486500000000035,1.043258868641726,10,1.138373293048959
0.33939806,40,32.55250000000001,1.0961843086678453,10,2.1485200888555642
0.37977937,40,32.200500000000034,1.3018517632959397,10,2.6836225021280837
0.3030742,40,31.730999999999995,0.6554100631990599,10,4.084175640484535
0.29505527,40,32.087948717948734,0.6756641758355877,10,3.3853889290413366
0.42099714,40,33.22684210526319,0.9058118828932501,10,4.8740126312693475
0.29529244,40,32.92891891891895,0.728906810919095,10,2.2853204296257807
0.2907983,40,32.830526315789484,0.776409713787176,10,2.0113745087522212
0.4017094,40,32.11666666666673,1.0011415997448987,10,4.928907572499404
0.28586954,30,32.32526315789477,1.0011180763921548,15,6.245232801359508
0.4961609,20,30.9327777777778,0.8807630772995644,40,39.54823407310714
0.38585317,40,31.924444444444475,1.1025589010909227,10,4.138355795261082
0.24060851,30,33.22555555555556,0.809805413771755,15,4.943672662872514
0.38770106,30,33.08081081081082,0.9102473839814901,15,8.998983851418725
0.2769349,40,33.2494594594595,1.0212997138503164,10,0.0
0.33438388,40,33.02085714285715,1.4417152910635396,10,0.0
0.3657187,40,33.72500000000002,1.2175258840253078,10,1.15893158057753
0.32300705,40,33.51000000000005,1.3382801390393557,10,0.0
0.46227416,40,33.141351351351375,1.672825401744462,10,2.3627468177360136
0.26866412,40,32.92567567567568,1.6361295669274354,10,0.0
0.31520718,40,33.01648648648654,1.4175050759604688,10,0.0
0.2429467,40,33.192631578947385,1.3040109657329686,10,0.0
0.43906873,30,34.34128205128212,0.7531560441141715,15,10.064999902711488
0.34703746,40,33.071000000000026,0.8428948421562518,10,3.1256500898021526
0.3237425,40,32.10853658536587,1.0543565158612704,10,2.33195619714998
0.45782575,40,31.830975609756138,1.1603914238670339,10,6.101840110804412
0.40318173,40,31.7524390243903,1.5731986740316197,10,2.4770199951759464
0.29932562,40,32.58000000000004,0.9542121921219007,10,1.628707060545107
0.30324793,40,32.5797435897436,0.9371193228449576,10,1.83209803416148
0.29206887,40,32.84567567567569,0.7195529963097392,10,2.318625837992748
0.35202968,30,32.68736842105267,0.9313522216513157,15,8.21676066321989
0.5157774,20,32.11666666666673,0.9030250683104865,40,38.841529754509885
0.31940985,40,32.32526315789477,0.8827753765985088,10,2.8431551952172596
0.3670103,40,31.79324324324324,1.195287299435155,10,3.240629225939923
0.38396627,30,31.79324324324324,1.2004613688123607,15,8.723437817701484
0.30766332,40,32.1462162162162,1.1224045686778112,10,1.4716602202158384
0.5307748,20,31.614444444444473,0.8927420622618136,40,39.84508910506389
0.5290228,20,30.9327777777778,0.7703662941650221,40,41.086074841145
0.35454753,40,32.238333333333344,0.9134885382150091,10,3.8306501301507776
0.4062713,40,33.22555555555556,1.017352508544559,10,3.875821400357001
0.3375837,40,32.956666666666706,0.9628469864764321,10,2.356609017375159
0.3692964,40,33.2494594594595,1.1277036843635169,10,2.1909144486783507
0.34778258,40,32.573888888888916,1.2448768114742745,10,1.6352042742910147
0.34266213,40,33.141351351351375,1.6568492941978807,10,0.0
0.5036923,40,32.05975609756098,1.200964543733235,10,7.046190225359056
0.43069512,40,31.959756097561012,1.4375150961409888,10,3.773521677209131
0.33460018,40,31.744500000000016,0.7961450402470226,10,4.312780192348068
0.37785068,40,32.29250000000002,0.6950824576578066,10,5.567608243738387
0.31430042,40,32.85684210526318,0.8003548299289404,10,2.5703965515706786
0.32351395,30,32.142972972972984,0.714248268611653,15,8.991204130670486
0.3162446,40,31.920000000000016,0.8229293355509498,10,3.4526917070016907
0.43329442,40,32.384054054054104,1.2428890839780913,10,4.400333230248968
0.31181502,40,32.47378378378386,1.0155512374100246,10,1.802910671155293
0.49472296,20,31.672222222222274,0.8992213995655352,40,38.67335970661826
0.506382,30,31.468333333333362,0.8142236523211666,15,14.652007881739038
0.48998666,20,31.541666666666686,0.7848322755529632,40,39.233771549019444
0.43813956,40,31.693333333333328,0.902324369110108,10,6.939231365353936
0.40228567,10,32.81666666666672,1.422138183840002,120,112.14121251340751
0.30165967,40,32.53722222222228,1.111826758948451,10,0.953434593241905
0.34675324,40,32.35166666666669,1.2847146042896798,10,1.6273577682034022
0.27342388,40,33.43702702702706,1.1515193197894016,10,0.0
0.2632886,40,33.43702702702706,1.087162984497483,10,0.0
0.27572015,40,34.095405405405415,1.1698289324674112,10,0.0
0.31562132,40,34.084210526315815,1.5820921028513153,10,0.0
0.24247992,40,33.79324324324324,1.5179699483702371,10,0.0
0.30539334,40,33.532105263157916,1.645911814120151,10,0.0
0.28054607,40,32.77769230769235,1.4073513279636296,10,0.0
0.2880492,40,32.98384615384617,1.6187853016172178,10,0.0
0.30271822,30,33.581282051282074,1.4380768631373888,15,3.3098806971022023
0.2826855,40,34.05200000000002,1.110659987594119,10,0.0
0.46448737,10,33.77473684210531,0.8085755262987222,120,116.11700670807258
0.48100078,40,31.927073170731717,1.257347383085681,10,6.216213016711139
0.3518767,40,32.01536585365858,1.1680436270433754,10,2.700717613435443
0.3015774,40,31.847948717948725,0.7477834579704907,10,3.460455732492461
0.38129917,40,31.759230769230783,1.0551166403377306,10,4.404160707676349
0.4056459,40,32.029473684210586,0.8749095291945952,10,5.765355493782719
0.37103757,40,32.23594594594596,0.8962057866691114,10,4.41415246626797
0.3095206,40,32.85684210526318,0.8164586679097473,10,2.346482771354336
0.3563797,40,32.54351351351352,1.1795629221588302,10,2.2500623758016536
0.31769252,40,32.05972972972978,1.1533106431293876,10,1.7044929393293407
0.329718,40,32.05972972972978,0.9386889185973978,10,3.138365585254416
0.42792678,30,32.47378378378386,1.073092297593243,15,9.998558468136387
0.38148347,20,32.47378378378386,1.1953416265443202,40,32.99401198736487
0.35335302,40,31.672222222222274,0.9832631946704428,10,4.012052573922235
0.5452892,20,31.541666666666686,0.8542762342148303,40,40.545628256173224
0.3264,40,33.078333333333376,1.2952179542592979,10,0.2375769568821262
0.3851179,30,32.7744444444445,1.140212026322048,15,8.078032054929754
0.36192888,40,32.35166666666669,1.164898841344873,10,2.681705617863342
0.35271364,40,32.47222222222223,1.2841993855097744,10,1.6881900037484368
0.24640287,40,33.43702702702706,1.1139907192252083,10,0.0
0.34408844,40,34.37756756756761,1.3244297977792916,10,0.0
0.2018597,40,34.05200000000002,1.014239106436777,10,0.0
0.3003765,40,34.8494871794872,0.8496007484236044,10,0.0
0.28491774,30,34.311578947368446,0.8137246534909099,15,5.167329959057058
0.27672428,30,34.311578947368446,0.8304110378149392,15,4.838094598306986
0.34251234,40,33.67750000000001,0.882481994710317,10,2.1854598427287097
0.4869374,40,32.71500000000003,1.1713820078308403,10,6.036211682861082
0.31908986,40,32.34400000000005,1.321230927052455,10,0.6225409659009848
0.35916772,40,32.06853658536585,1.3007255459594838,10,2.202867827745944
0.4638278,40,31.948536585365844,1.4654112461469244,10,4.639240573728483
0.3359196,40,32.01536585365858,1.2710383321604606,10,1.7070304744517717
0.3435298,40,31.94951219512194,0.9514670895103733,10,3.5990459999935362
0.39980847,40,31.759230769230783,0.9552642477697462,10,5.4587023925987594
0.3747042,40,31.791052631578964,0.9309916079369929,10,4.795115340833635
0.31846645,40,32.1975675675676,1.1005065568953976,10,1.8538935847055695
0.377286,40,32.261891891891935,0.908352008202574,10,4.5149279303342755
0.47883856,20,31.916315789473742,0.7056353841915475,40,38.92066391566105
0.5354301,20,31.530555555555566,0.8120421119031419,40,40.4721369148602
0.49321467,20,31.53666666666669,0.8732678395681207,40,38.89343373676055
0.3457748,40,31.53666666666669,1.015587203977528,10,3.7586409336029165
0.42599395,40,31.726111111111152,1.1828914744008903,10,5.139250124810941
0.32732332,30,31.935405405405447,1.3951731134535368,15,5.9084282625273
0.3261288,30,32.0110810810811,1.0955255721573471,15,7.295155171716999
0.35088456,30,32.122972972973,1.2639261956685683,15,7.083933033978871
0.3783022,40,31.828888888888912,1.0649946121171305,10,4.1952038720208575
0.36923313,30,31.828888888888912,1.00056106397634,15,9.245299478572258
0.4358438,20,31.94500000000005,0.8493028226454988,40,36.88379982691281
0.39107195,40,32.123333333333335,0.8941829203461826,10,5.13791050038653
0.31128407,40,32.04243243243246,0.9926937796980935,10,2.332620486101427
0.3984498,40,32.50027027027028,1.2933298035120806,10,2.9865750148055277
0.30292737,50,33.907297297297305,1.6689687787180159,2,0.0
0.342456,40,34.1294594594595,1.509411035279354,10,0.0
0.33228135,40,34.00263157894739,1.477307711405464,10,0.0
0.28222013,40,33.72105263157897,1.718866461154611,10,0.0
0.28910065,40,33.113684210526344,1.5643764447659685,10,0.0
0.29269844,40,33.113684210526344,1.5260812645721484,10,0.0
0.3876841,30,33.613,0.8736290773904134,15,8.649377440306358
0.39131877,40,32.12100000000004,1.6347471993020686,10,1.4448269570696386
0.32123655,40,31.851500000000044,1.3759768620338695,10,0.9057123235020166
0.29635558,40,32.190000000000055,0.8771143979240906,10,2.3150949720494145
0.42073935,40,31.918648648648684,1.0393486121045206,10,5.506788767184568
0.36226,40,31.88189189189194,0.9100581615240197,10,4.435617951650334
0.34823093,40,32.86473684210529,1.0640820515939986,10,2.261780449917783
0.39391553,40,32.00542857142858,1.1124376171659787,10,4.249849244012291
0.39336294,40,31.726111111111152,1.1494985197020875,10,4.327284690439551
0.4080093,40,31.726111111111152,1.4227060095803052,10,3.400637346550437
0.40156943,30,31.95702702702704,1.2359030433990976,15,8.910540696138687
0.4607143,20,31.831666666666706,0.9190698788553032,40,37.39441332016579
0.35204813,40,32.253243243243276,1.2271756920000962,10,2.1723220430189896
0.35731623,30,32.56111111111113,1.1006156193293866,15,7.655297144001365
0.40583885,40,32.412702702702745,1.3836442873368553,10,2.84424127046615
0.32884777,40,32.13666666666671,1.130969295809758,10,2.073920221154843
0.21877538,30,32.13666666666671,1.112003053095377,15,3.866579341236971
0.31326166,40,33.907297297297305,1.4846693379544158,10,0.0
0.31847897,40,33.689473684210554,1.5825380039165364,10,0.0
0.32082602,40,33.51864864864865,1.4118794006218305,10,0.0
0.2854568,30,33.51864864864865,1.162981011560132,15,4.23015074499118
0.29976618,40,35.24315789473684,0.8468117941222295,10,0.0
0.22039868,30,34.791,0.9999512459310606,15,1.821204290988005
0.41954902,40,32.335000000000036,1.9155071154831878,10,0.6739351812182743
0.3505701,40,31.83000000000004,1.124758561926321,10,3.0633107415923835
0.39302057,40,31.527500000000032,1.4746216676408224,10,2.890009160000396
0.4465769,40,31.678500000000042,1.2625957598377326,10,5.405828009081819
0.44554764,40,31.84128205128212,0.8627090142861863,10,7.211601768026112
0.47210833,20,31.405555555555566,0.9128691573431165,40,38.1933487818897
0.3270251,30,32.31648648648655,1.1949839368636852,15,6.519346729441711
0.34184167,40,31.885135135135158,1.1455532953961332,10,2.6423487721607977
0.28066474,40,33.259444444444455,1.3554429445325589,10,0.0
0.2524801,40,33.259444444444455,1.1259009656277652,10,0.0
0.28328446,40,33.18388888888893,1.109599232771834,10,0.0
0.35155642,40,32.61918918918923,1.147170395439356,10,2.1916511215804357
0.29111636,40,32.62243243243245,1.126857123433709,10,0.47677303521013226
0.20370094,30,33.69500000000005,1.1996454320136445,15,1.4178013274128842
0.35109928,30,33.69500000000005,1.222502195468826,15,5.725467110727191
0.11789995,30,34.181351351351395,1.98915096008924,15,0.0
0.21976866,40,33.79315789473685,1.7922984678224192,10,0.0
0.2057083,40,33.79315789473685,1.5997860270890958,10,0.0
0.23148149,40,33.837179487179526,1.613033848661549,10,0.0
0.360192,40,33.46081081081081,1.6266664977577787,10,0.0
0.27493042,40,34.49923076923079,1.0349832015534048,10,0.0
0.3292327,30,34.454102564102584,1.1226451907704933,15,4.8096520068485775
0.2647989,10,34.454102564102584,1.3592671233249267,120,106.69352910597605
0.29642135,30,33.48414634146343,1.236029813777034,15,4.228345068625634
0.32130867,40,33.057804878048785,1.0828029350506296,10,1.1674409337201377
0.35523227,40,32.783500000000004,1.162261948050067,10,2.0621587482341983
0.3838711,40,32.783500000000004,1.290193773696463,10,2.2816648176542724
0.47153023,40,32.155365853658566,1.210652723946539,10,5.937277464438241
0.41948482,40,32.16268292682929,1.157591722575225,10,4.6339029820432245
0.3455309,40,31.598000000000013,1.7512837409164652,10,0.01150805133784516
0.34570518,40,32.1126315789474,0.9980546160707039,10,3.268250663973033
0.34340614,40,32.1126315789474,0.9571182958369087,10,3.4039614241627163
0.40198436,40,32.00945945945949,1.0651268059428933,10,4.724437813758959
0.40162304,40,32.00945945945949,0.8150105998027901,10,5.964178813019272
0.42379725,10,32.51864864864865,1.0056891574845994,120,115.16682348665721
0.46551725,20,31.405555555555566,1.2794994977613994,40,36.16246428368276
0.35161173,40,31.592777777777826,1.8600020474474475,10,0.0
0.31668144,40,31.953333333333376,1.798782088122683,10,0.0
0.40142855,30,32.02333333333337,0.7941220634052387,15,11.048912940546408
0.32009643,30,31.9977777777778,1.14982656801694,15,6.8559826376894915
0.34936932,40,32.08081081081082,1.5293384237639407,10,0.7535768358604367
0.44122353,20,32.00459459459461,0.8921777888035933,40,36.77122244886891
0.46685773,20,32.00459459459461,0.9214448156515999,40,37.393913602713596
0.46725103,20,31.950000000000045,0.8899282272738077,40,37.61788994061591
0.46678755,30,31.950000000000045,0.8607345753887555,15,12.7499531815224
0.3984252,30,32.15540540540542,0.8939464078872825,15,10.327618646922947
0.33120567,40,31.74243243243245,1.0649429954850238,10,2.869022780422858
0.34707904,40,32.1516666666667,1.0664909931998043,10,2.9282493218673533
0.38362217,40,33.259444444444455,1.1116316071215933,10,2.6910623450407067
0.32255167,40,32.73555555555555,1.1944098650960253,10,0.96894486149756
0.2546058,40,32.62243243243245,1.2072038725910972,10,0.0
0.32349265,40,32.07000000000005,1.3045841253243013,10,1.11185904194783
0.3643077,40,31.953888888888912,1.2226958928623624,10,2.861862569661902
0.37498704,40,32.12027027027028,1.005322408570448,10,4.102728523979596
0.25388902,30,32.12027027027028,0.8981419286319409,15,6.005690667689059
0.2663465,40,33.80025641025645,1.9065278867731774,10,0.0
0.25827816,40,33.870000000000005,1.123063367639492,10,0.0
0.28379586,30,34.49923076923079,1.039391616967281,15,3.8176874851738045
0.2647223,40,34.49923076923079,0.9773789787510063,10,0.0
0.27310792,40,35.11700000000002,0.9425986798962325,10,0.0
0.40761507,40,34.454102564102584,1.3251120941551329,10,1.148789283795626
0.42138425,40,33.057804878048785,0.9493607726267074,10,4.836918875630878
0.44267547,40,32.783500000000004,0.7658200186179959,10,6.667664201412853
0.4055747,40,31.56650000000002,1.4859758815571764,10,3.1708617446203577
0.34454912,40,31.598000000000013,1.8504758953375338,10,0.0
0.34195104,40,31.645384615384614,1.3732313331433867,10,1.7469900191195666
0.3405461,40,32.1126315789474,0.9576617394775029,10,3.315443108760525
0.32458234,40,32.2236842105263,0.8539013888557162,10,3.2442791432132596
0.37545484,40,32.21722222222223,0.9281626536343969,10,4.405609571150092
0.429742,40,32.21722222222223,0.8840798315615934,10,6.254639246385665
0.4021121,40,32.15378378378381,0.793361204501385,10,5.942772934341538
0.48015624,20,31.343157894736862,1.3093753379913744,40,36.514652403911974
0.36701965,40,31.901351351351423,1.2431900879137754,10,2.893288223389776
0.3253731,40,32.10777777777781,0.9789375207374642,10,2.7587280470237046
0.3526332,40,32.141351351351375,1.4106674185015893,10,1.3843081655643834
0.31978106,30,32.15157894736848,0.9180376715777508,15,7.85166439334583
0.34486848,40,32.632702702702716,1.0969519946691109,10,2.228591909472584
0.39807755,40,32.85944444444448,1.1130748922798024,10,3.5175072281758855
0.27295032,40,33.06222222222226,1.0125222566854268,10,0.06367644711352938
0.30842367,40,32.90444444444449,1.0221360781408895,10,1.2375850385717353
0.26907372,40,32.40473684210531,1.2480675822796077,10,0.0
0.26250634,40,32.24837837837839,1.327507028832869,10,0.0
0.4275905,40,31.97052631578947,1.2536962481297713,10,4.588707301191402
0.3595454,40,32.18421052631584,1.0607301053246194,10,3.298500972449017
0.2890326,40,32.725263157894744,1.2851237787883227,10,0.0
0.33933672,40,33.28538461538466,1.6939582198862662,10,0.0
0.22441278,30,35.178,0.931366077973607,15,1.8975530748197214
0.36118978,40,33.3474358974359,1.1281306314613637,10,1.8476043095716257
0.37980086,10,32.84560975609759,0.6546629667543067,120,115.2751015071579
0.40141875,40,32.36463414634147,0.7870071795620049,10,5.74289204552786
0.31892598,40,32.3109756097561,0.7394754377960352,10,3.5594266750068195
0.339163,40,31.461000000000013,1.5594273903787053,10,0.9167529810177282
0.31762394,40,32.35263157894741,0.889221471981992,10,2.7299795812502756
0.36652926,40,32.27810810810814,0.737704826472137,10,5.029245874865763
0.49228767,30,31.815405405405443,0.7433529573542805,15,14.236459575824448
0.46015203,10,31.253243243243276,1.1981842312774718,120,116.56039682947646
0.47315136,20,32.14833333333337,0.8228076668212443,40,37.93216911937674
0.513894,10,32.175405405405456,0.7772121258796443,120,119.35535502414218
0.34228954,30,32.175405405405456,0.7588030517491157,15,9.299265080051153
0.3447179,40,32.00459459459461,1.4808038059026032,10,0.9329230815083775
0.32088682,30,32.43378378378384,0.9716223680537637,15,7.334708581769584
0.36138666,30,32.43378378378384,0.8571122705989148,15,9.122254785848199
0.38658828,30,32.15157894736848,1.1794205770455755,15,8.5489661510248
0.3133163,30,32.15157894736848,1.1825886386467879,15,6.334966063584307
0.34177914,40,32.291052631578964,1.4063410268007328,10,0.930616151220713
0.42265,40,31.99864864864867,1.382091819597961,10,3.7703928337121893
0.26243308,40,32.71555555555557,1.2160721531233987,10,0.0
0.29298487,40,33.06222222222226,1.0304949070531104,10,0.5748492884597258
0.38006127,40,32.7354054054054,1.2165679597946732,10,2.5835925361752894
0.35877335,40,32.7354054054054,1.5322897562436035,10,0.36634673432812814
0.37266278,40,32.18421052631584,1.317632053440323,10,2.4075129558078325
0.271875,40,32.725263157894744,1.255276077673325,10,0.0
0.2723949,40,32.725263157894744,1.156931899191186,10,0.0
0.26652583,40,33.87918918918922,1.3308118729341465,10,0.0
0.29113927,40,33.937692307692316,3.2655815019223966,10,0.0
0.33521724,40,33.51666666666671,3.2634825914536543,10,0.0
0.29582867,40,33.28538461538466,1.937074056788701,10,0.0
0.21195582,30,33.16282051282053,2.3108973890270432,15,0.0
0.35408825,40,33.61526315789479,1.7561103782479077,10,0.0
0.23413481,30,34.064736842105276,1.4794983020734902,15,0.5618156722644914
0.3903665,80,33.3474358974359,1.0539218875889265,0,0.0
0.35504425,30,32.84560975609759,0.7354839307312763,15,9.128297622491461
0.3259004,30,32.63000000000005,0.6475105128582315,15,8.909459670126388
0.3568268,40,32.35820512820516,0.6151145427201565,10,5.271026346154967
0.3263438,40,32.36463414634147,0.706441567385183,10,3.893472465210104
0.27970728,40,32.36463414634147,0.6750970342438133,10,2.6510987994064217
0.28589654,50,32.201219512195166,1.645433183047361,2,0.0
0.4489164,40,31.329487179487217,1.4654690135735737,10,4.810659903637754
0.3836478,40,31.605999999999995,1.6830575658731561,10,1.488145752041497
0.4321303,40,31.70025641025643,1.07844690370405,10,5.871418134637019
0.38650703,40,32.067894736842106,1.085895346931877,10,4.097839173322932
0.3624483,40,32.35263157894741,0.6937097497395507,10,5.0522688053364995
0.35986397,40,32.35263157894741,0.6824375843033741,10,5.031099162713017
0.418119,40,32.25722222222225,0.6841095300516934,10,6.8658006423947775
0.33148202,40,32.67105263157896,0.6523608637501849,10,4.01160410056786
0.41743,40,31.67388888888894,1.2220260417034614,10,4.738881274222906
0.39767054,40,32.44111111111113,1.859025961836845,10,0.1938755572009434
0.5015267,20,31.93388888888893,0.7960207137983033,40,39.13180898938625
0.53330934,10,32.08000000000004,0.7304977904269165,120,120.26679045840186
0.38321567,40,32.210000000000036,1.5095598492104676,10,1.7386709552133413
0.3064071,30,32.03270270270275,1.401821846381584,15,5.150400960740965
0.33958268,30,32.03270270270275,1.3369869273310577,15,6.469843332952447
0.26738968,40,32.798108108108124,1.1037544494774791,10,0.0
0.32415283,40,33.07611111111112,1.0974411666310833,10,1.1612676321164397
0.24718256,40,33.10666666666668,1.0324578284079398,10,0.0
0.32257146,30,32.56777777777779,1.329019599257483,15,5.46426752261107
0.30935565,40,32.51473684210532,1.3291089074425744,10,0.12038842002495098
0.2957414,40,32.370526315789505,1.501455225196377,10,0.0
0.29628992,40,32.62473684210528,1.3049044960620737,10,0.0
0.33779165,40,33.170526315789516,1.2824735455465566,10,0.5508557142877946
0.28924713,40,33.76243243243249,1.4055248352220087,10,0.0
0.22044662,40,33.77789473684214,1.4143505488621122,10,0.0
0.26434234,40,33.58947368421059,2.089940960263851,10,0.0
0.24968456,30,33.511052631578934,2.4487472263776078,15,0.0
0.5187589,30,32.254102564102595,0.5244177238890313,15,15.68657628457274
0.40731487,40,32.07650000000007,0.602793415109859,10,7.128978871398133
0.34535787,40,32.101219512195144,0.6699922027875284,10,4.909555213990511
0.45094457,40,31.981707317073187,0.8308666730858327,10,7.392296347252685
0.34881562,40,31.970500000000015,1.6898640703755061,10,0.04464830396068287
0.37278292,40,31.970500000000015,1.6329465238881609,10,1.048254985311992
0.32109457,40,31.886923076923097,0.9869594634899841,10,2.8111164288490116
0.34964538,40,32.4656756756757,0.7988853812429955,10,4.029258940352742
0.35265106,40,32.48277777777781,0.7788441816118781,10,4.202533379576048
0.326611,40,32.59205128205133,0.7597794274257268,10,3.407381843141515
0.42108044,10,31.67388888888894,1.1687765501410896,120,115.11464128812112
0.33862555,40,32.21736842105264,1.171963466697263,10,2.081581062022271
0.28418037,40,32.25684210526322,1.1185500699071467,10,0.6758187051201867
0.29585385,40,32.25684210526322,1.1149086793563323,10,1.0442302769127867
0.28383955,40,32.798108108108124,1.1138816970448782,10,0.14766961432736903
0.38251984,40,33.00567567567572,1.4390665328379364,10,1.2745869551273366
0.3002705,40,33.192222222222256,1.0033240590267276,10,0.799272797259075
0.2839462,40,33.10666666666668,1.0471506314948025,10,0.17596584363086532
0.33786127,40,32.36944444444447,1.6080544141851025,10,0.0
0.33162183,40,32.56777777777779,1.0456601583074092,10,2.152576542656311
0.38395905,30,32.37894736842111,1.193685596849048,15,8.171395951424513
0.20506635,30,33.76243243243249,1.3989025831175665,15,0.39504541973056195
0.24192871,40,33.9226315789474,1.5120941874958767,10,0.0
0.2884709,40,33.58947368421059,2.0897143843339463,10,0.0
0.25628477,40,34.472105263157914,1.2682169842157935,10,0.0
0.3383239,40,34.55421052631584,1.262364234099631,10,0.0
0.3018837,40,34.304736842105285,1.0685113298146964,10,0.0
-0.12134045,80,31.33410256410258,0.768250403967462,0,0.0
0.19469345,30,31.8494871794872,0.7492327978272483,15,5.245152179729932
0.47619048,40,32.101219512195144,0.7058888832613828,10,8.655050194762795
0.34503856,40,31.81400000000002,0.9529990368959572,10,3.772161653478599
0.45003977,40,31.970500000000015,1.002288884995569,10,6.519248665140852
0.46179074,40,31.886923076923097,1.0025302925418516,10,6.95414727464879
0.41318125,40,32.29263157894741,1.0927823647884645,10,4.638893744571046
0.37837836,40,32.32578947368421,0.9225692840543962,10,4.412715192080474
0.39953193,40,32.32578947368421,0.8645896836927531,10,5.337219743616126
0.3237072,40,32.4656756756757,0.7685190322617401,10,3.4029448563503024
0.32214972,40,32.4656756756757,0.801834419762978,10,3.1896441743688477
0.28038993,30,32.457567567567594,0.970561195621475,15,6.101324105482428
0.3638708,40,32.64833333333337,1.6110712709233166,10,0.21243470949590382
0.39441708,30,32.32444444444451,0.8701530392975281,15,10.157302338292158
0.34826592,30,32.285135135135135,1.3370112225322808,15,6.477785823857242
0.3139796,40,32.385675675675714,1.4793877405719134,10,0.0
0.30241546,40,33.177027027027066,1.092598331653027,10,0.4324447267176659
0.337132,40,33.00444444444446,1.022557170982729,10,1.9967298576064545
0.29468393,40,32.4905555555556,1.0616077522675365,10,1.0419238418587344
0.27539483,40,32.48000000000002,1.2680783977346224,10,0.0
0.27658948,30,32.61615384615385,1.2587942405400276,15,4.387559850792716
0.27800098,50,33.366923076923115,3.1301481654500134,2,0.0
0.4677162,40,33.116842105263174,1.0794977866809758,10,5.517154649786143
0.27157968,40,33.83210526315793,0.73925285266662,10,0.6190211078317298
0.31227016,40,33.7247368421053,0.7158097572173134,10,2.0643194555327535
0.43037683,10,28.908974358974376,0.996032913625069,120,119.02216625748757
-0.03238469,80,29.224358974359006,0.78814327042568,0,0.0
0.6062876,10,30.715000000000032,0.4828463870001143,120,125.0593965996745
0.42344669,30,32.51146341463419,0.6808810520370815,15,11.78753169577863
0.30447033,30,32.51146341463419,0.6061843639209223,15,8.591724992901703
0.2062615,30,32.81292682926829,0.7145037364892116,15,4.802399682232293
0.24542126,30,32.99564102564102,0.6949723367063991,15,5.892135148310276
0.16727552,30,33.275263157894756,1.0300142455426662,15,1.5929313732485273
0.39171794,40,32.47702702702708,0.9946568545757793,10,4.301227258569255
0.35333696,40,32.97277777777782,1.0308334056295256,10,2.4731641711801453
0.41326064,30,32.335000000000036,0.9267330187597336,15,10.429154491442837
0.34860796,40,32.763888888888914,1.4286215698928222,10,0.5512416650840963
0.40495867,40,31.426216216216233,1.562004309199317,10,2.912522219416206
0.3654167,40,31.790540540540576,1.5378699410686283,10,1.4826111982530241
0.3425112,40,32.01594594594599,1.4689397223991218,10,0.9146915245311025
0.3853443,40,32.22945945945952,1.4438461842494787,10,2.1116381536539963
0.3424747,40,33.07054054054055,1.0566753540649079,10,1.920323414019263
0.31124556,40,33.07054054054055,1.0742346548957329,10,0.8956526034398706
0.33857316,40,32.63432432432438,1.142923367471093,10,1.8082534811182915
0.24175824,40,33.076153846153886,1.251961288331523,10,0.0
0.44039452,40,33.46473684210531,1.461838497206091,10,2.4379066666315126
0.4181568,40,33.20052631578949,2.66588100277601,10,0.0
0.29266223,40,32.455789473684206,1.0574530554694734,10,1.0368125955516154
0.4164134,40,32.550512820512836,0.6079573845442826,10,6.902101958730677
-0.21996519,80,28.101578947368466,1.0183894362215975,0,0.0
0.42979166,80,27.597894736842136,0.7225977927828358,0,1.682865861906563
0.20573378,30,33.99350000000004,0.6439332612742797,15,3.958847188326998
0.18605416,30,33.38948717948722,0.9914082205451308,15,2.2350965093203534
0.25353727,30,33.9694871794872,0.6421151901630942,15,5.42605479070556
0.18280609,30,34.016153846153884,0.9191405377092032,15,1.8723259423048653
0.397544,40,32.33769230769235,1.541336073896722,10,1.8819473305861338
0.36072335,30,32.248333333333335,1.1562966965559434,15,7.791883888581392
0.44522753,30,32.45166666666671,1.0990405556624934,15,10.409956457571816
0.4246294,40,32.1835135135135,1.0428347669927904,10,5.341194636622304
0.38972133,40,31.533783783783804,1.5530131547171817,10,2.392790553017827
0.33359826,30,31.533783783783804,1.4890279010543575,15,6.029024391614807
0.3818387,30,31.426216216216233,1.5009018698585317,15,7.524435543044322
0.38236228,40,32.317222222222256,1.5129278438921823,10,1.589007001414462
0.26890415,40,33.09162162162164,0.9775786217311743,10,0.08761008833490092
0.36853257,40,33.07054054054055,1.1576683639681251,10,2.1970945117953056
0.3444795,40,32.509444444444455,1.2875926842460141,10,1.3869770101640153
0.34653586,40,32.86842105263162,1.1442236685530793,10,1.8065367726212145
0.33136636,40,32.915945945945964,1.2433423437870097,10,0.8083329865807798
0.31356677,40,32.915945945945964,1.3171765717829533,10,0.0
0.35096642,40,32.641282051282076,1.3119695696145857,10,1.3278630678426868
0.35157225,40,32.9747368421053,1.5840071243410856,10,0.0
0.4816152,40,31.762000000000057,1.0172581146008044,10,7.600165126033011
0.49213988,40,30.624000000000024,0.9669516618831888,10,9.305437980997967
-0.17208624,80,28.101578947368466,1.0639659277963567,0,0.0
-0.17113784,80,26.86621621621623,1.152988251977632,0,0.0
0.5172175,30,30.22230769230771,0.5375745801228131,15,17.60634421189016
0.30649668,30,33.14350000000002,0.45566158835100995,15,8.773092717875038
0.3308147,30,33.14350000000002,0.4405912857524239,15,9.577984305295312
0.20704745,30,33.38948717948722,1.0320320083156722,15,2.6617761627547303
0.26555857,30,34.16230769230771,0.5906100284053751,15,5.851399578181819
0.15826663,30,33.577894736842154,0.7143589715911498,15,2.5983092007212134
0.45600483,40,32.56368421052633,1.094969061581424,10,5.641615504192707
0.4211612,50,32.33769230769235,1.119211023004981,2,0.0
0.33286762,40,32.637428571428586,0.9610644113662152,10,2.543277776331071
0.4323321,30,31.76600000000002,0.8335085452400428,15,12.036420118712552
0.37664726,40,32.09162162162164,0.8932113069519474,10,4.741739622877532
0.45448995,40,32.08837837837842,1.637335683364807,10,3.3596412907334123
0.3439243,40,32.40513513513514,1.5806988329506675,10,0.009100470043352793
0.34184223,40,32.54567567567568,1.4536448495539034,10,0.44136706867308817
0.3176379,40,33.904054054054086,1.180721599117319,10,0.0
0.23416173,40,33.22945945945952,1.1501028033233125,10,0.0
0.3558514,40,32.7247368421053,1.2638389562755685,10,1.631610575010714
0.40865237,40,32.38684210526321,1.0303554168989684,10,4.720951525086775
0.33250707,40,31.41789473684213,0.9961767899402908,10,3.5764339361675432
-0.18342203,80,28.218947368421084,1.026568186183393,0,0.0
-0.18169078,80,27.44473684210527,1.144395102482916,0,0.0
-0.2253782,80,27.753157894736887,0.7165835619657305,0,0.0
0.29779157,30,33.464500000000044,0.862423775401468,15,6.157128494014916
0.2882777,30,33.59400000000005,0.6708868990110977,15,6.699896471159708
0.33029318,30,33.8005,0.5013112103934753,15,8.601739132831536
0.40542188,40,33.28487179487183,1.0251746532122008,10,3.7519113490628753
0.27683616,40,32.82230769230773,0.7959179930040339,10,1.503187389670158
